Workbook
Name Base_year: #REF!
Name Borough: #REF!
Name Boundary: #REF!
Name ConFact_0.001: 'Emission & Conversion Factors'!$E$178
Name ConFact_g_to_tonnes: 'Emission & Conversion Factors'!$E$177
Name ConvFact_ttoe_to_kWh: 'Emission & Conversion Factors'!#REF!
Name EF_AD_CH4: #REF!
Name EF_ATF: #REF!
Name EF_CH4_AD: 'Emission & Conversion Factors'!#REF!
Name EF_CH4_ATF_Transport: 'Emission & Conversion Factors'!$G$37
Name EF_CH4_Coal_DCI: 'Emission & Conversion Factors'!$G$109
Name EF_CH4_Composting: 'Emission & Conversion Factors'!#REF!
Name EF_CH4_DieselAvBio_Trans_kg_l: 'Emission & Conversion Factors'!$G$46
Name EF_CH4_DieselAvBio_Transport: 'Emission & Conversion Factors'!$G$45
Name EF_CH4_ElectGen_DCI: 'Emission & Conversion Factors'!$G$123
Name EF_CH4_ElectTDL_DCI: 'Emission & Conversion Factors'!$G$124
Name EF_CH4_FuelOil_IC: 'Emission & Conversion Factors'!$G$56
Name EF_CH4_GasOil: 'Emission & Conversion Factors'!$G$60
Name EF_CH4_GasOil_RailDiesel: 'Emission & Conversion Factors'!$G$60
Name EF_CH4_Incinaration: 'Emission & Conversion Factors'!#REF!
Name EF_CH4_LPG_Transport: 'Emission & Conversion Factors'!$G$17
Name EF_CH4_NatGas_DCI: 'Emission & Conversion Factors'!$G$24
Name EF_CH4_NG_Fugitive: 'Emission & Conversion Factors'!#REF!
Name EF_CH4_PetrolAvBio_Trans_kg_l: 'Emission & Conversion Factors'!$G$70
Name EF_CH4_PetrolAvBio_Transport: 'Emission & Conversion Factors'!$G$69
Name EF_CH4_W_R_IC: 'Emission & Conversion Factors'!$E$144
Name EF_CO2_ATF_Transport: 'Emission & Conversion Factors'!$F$37
Name EF_CO2_Coal_DCI: 'Emission & Conversion Factors'!$F$109
Name EF_CO2_DieselAvBio_Trans_kg_l: 'Emission & Conversion Factors'!$F$46
Name EF_CO2_DieselAvBio_Transport: 'Emission & Conversion Factors'!$F$45
Name EF_CO2_ElectGen_DCI: 'Emission & Conversion Factors'!$F$123
Name EF_CO2_ElectTDL_DCI: 'Emission & Conversion Factors'!$F$124
Name EF_CO2_FuelOil_IC: 'Emission & Conversion Factors'!$F$56
Name EF_CO2_GasOil: 'Emission & Conversion Factors'!$F$60
Name EF_CO2_GasOil_RailDiesel: 'Emission & Conversion Factors'!$F$60
Name EF_CO2_LPG_Transport: 'Emission & Conversion Factors'!$F$17
Name EF_CO2_NatGas_DCI: 'Emission & Conversion Factors'!$F$24
Name EF_CO2_NG_Fugitive: 'Emission & Conversion Factors'!#REF!
Name EF_CO2_PetrolAvBio_Trans_kg_l: 'Emission & Conversion Factors'!$F$70
Name EF_CO2_PetrolAvBio_Transport: 'Emission & Conversion Factors'!$F$69
Name EF_CO2_Shipping: 'Emission & Conversion Factors'!#REF!
Name EF_CO2_W_R_IC: 'Emission & Conversion Factors'!$D$144
Name EF_CO2b_Incineration: 'Emission & Conversion Factors'!#REF!
Name EF_COAL_DOM: #REF!
Name EF_COAL_WORK: #REF!
Name EF_COAL_WP: #REF!
Name EF_Composting_CH4: #REF!
Name EF_Composting_N2O: #REF!
Name EF_DIESEL_LITRE: #REF!
Name EF_DIESEL_TONNE: #REF!
Name EF_ELEC: #REF!
Name EF_ELEC_GEN: #REF!
Name EF_GAS: #REF!
Name EF_GASOIL_TONNE: #REF!
Name EF_GHG_AFT: 'Emission & Conversion Factors'!$E$37
Name EF_GHG_Biomass_WoodChips: 'Emission & Conversion Factors'!$D$132
Name EF_GHG_Coal_DCI: 'Emission & Conversion Factors'!$E$109
Name EF_GHG_DieselAvBio_Trans_kg_l: 'Emission & Conversion Factors'!$E$46
Name EF_GHG_DieselAvBio_Transport: 'Emission & Conversion Factors'!$E$45
Name EF_GHG_ElectGen: 'Emission & Conversion Factors'!$E$123

Sheet About LEGGI
A1: London Energy and Greenhouse Gas Inventory (LEGGI), 2023
A3: Introduction
B4: LEGGI provides an estimate of energy consumption and GHG emissions for the Greater London area. It is produced by the Greater London Authority.
A6: Emission Sectors
B7: LEGGI provides estimates for greenhouse gases from the following sectors: I. Stationary energy II. Transport III. Waste IV. Industrial processes and product use (IPPU) V. Agriculture, forestry, and other land use (AFOLU)
A9: Greenhouse gases
B10: LEGGI estimates emissions in London of the following greenhouse gases (GHGs): • Carbon dioxide (CO2) • Methane (CH4) • Nitrous oxide (N2O) • Hydrofluorocarbons (HFCs) • Perfluorocarbons (PFCs) • Nitrogen Trifluoride (NF3) • Sulphur Hexafluoride (SF6)
A11: Geography
B12: The geographical area covered by the LEGGI includes the 32 London boroughs and the City of London. The total area covered by the LEGGI is approximately 1,579 km2.
A13: Scope of LEGGI
B14: LEGGI provides estimates of: • All Scope 1 emissions physically occurring within the city boundary. These include emissions related to fuel combustion and fugitive emissions. • Scope 2 emissions associated with the consumption of grid-supplied energy within the city boundary. Depending on where energy is generated, these emissions may physically occur inside or outside the city boundary. • Scope 3 emissions associated with the disposal or treatment of waste that is generated within the city boundary but disposed of outside the city boundary. LEGGI also provides estimates of energy consumption from domestic, industrial and commercial buildings and from transport.
A16: Data sources and method
B17: Further details on the input data and the methodology used to estimate emissions or energy consumption are provided in the Data sources and method worksheet.
A19: Change log
A20: 46007 | B20: The historic (2000-2022) emissions trajectory has been revised in the 2023 LEGGI, due to the publication of revised versions of datasets used to produce LEGGI. This means the historic emissions trajectory no longer aligns with the historic trajectory in previous versions of LEGGI. Updated input data includes: - Historic road transport energy and GHG emissions have been updated to match the latest update to the London Air Emissions Inventory, LAEI, published in 2025 - Historic IPPU trajectory has been updated following an update to government's historic dataset of common reporting tables of emissions to the UNFCCC - Historic residual fuels consumption and emissions data has been updated following an update to the government's historic dataset of subnational total final energy consumption - 2022 NRMM construction and manufacturing emissions data has been updated using the latest data available in the 2022 LAEI, published in 2025

Sheet Summary
A1: Summary of energy consumption and emissions over time in London
B2: Version | C2: Interim
B3: Publication date: | C3: 45992
A5: Key | B5: C Confirmed figures
B6: I Interim figures, to be confirmed in next version when final data is published
B7: E Estimated figure
B9: Table 0.1 Historical overview, MtCO2 (pre 2005) and MtCO2e (post 2005)
C11: CO2 Emissions (MtCO2) | I11: GHG Emissions (MtCO2e)1
C12: 1990 | D12: 2000 | E12: 2001 | F12: 2002 | G12: 2003 | H12: 2004 | I12: 2005 | J12: 2006 | K12: 2007 | L12: 2008 | M12: 2009 | N12: 2010 | O12: 2011 | P12: 2012 | Q12: 2013 | R12: 2014 | S12: 2015 | T12: 2016 | U12: 2017 | V12: 2018 | W12: 2019 | X12: 2020 | Y12: 2021 | Z12: 2022 | AA12: 2023
B13: I. ENERGY DOMESTIC | C13: E | D13: C | E13: C | F13: E | G13: C | H13: C | I13: C | J13: C | K13: C | L13: C | M13: C | N13: C | O13: C | P13: C | Q13: C | R13: C | S13: C | T13: C | U13: C | V13: C | W13: C | X13: C | Y13: C | Z13: C | AA13: I
B14: Gas | D14: 10.127455 | E14: 11.956179 | F14: =(G14-E14)/2+E14 -> 11.098927 | G14: 10.241676 | H14: 9.8750504 | I14: 9.7485891 | J14: 9.4352267 | K14: 9.2457916 | L14: 8.9878254 | M14: 8.3232087 | N14: 8.2791128 | O14: 7.7439758 | P14: 7.7059245 | Q14: 7.5744058 | R14: 7.4133159 | S14: 7.4767256 | T14: 7.4269158 | U14: 7.7069848 | V14: 7.2772942 | W14: 7.4796485 | X14: 7.874401 | Y14: 6.8366471 | Z14: 6.3431924 | AA14: ='Borough GHG'!D45 -> 6.1728839
B15: Electricity | D15: 7.358204 | E15: 5.6548758 | F15: =(G15-E15)/2+E15 -> 6.6664225 | G15: 7.6779692 | H15: 6.9152816 | I15: 6.9868968 | J15: 7.3251571 | K15: 7.3401402 | L15: 7.0320899 | M15: 6.5608748 | N15: 6.6852219 | O15: 6.467222 | P15: 7.1352389 | Q15: 6.5554593 | R15: 5.942854 | S15: 5.0173675 | T15: 3.9771513 | U15: 3.5502058 | V15: 3.1930875 | W15: 2.9013182 | X15: 2.7723644 | Y15: 2.7930257 | Z15: 2.6329804 | AA15: ='Borough GHG'!C45 -> 2.3269512
B16: Other | D16: 0.051004482 | E16: 0.18048776 | F16: 0.18472398 | G16: 0.18896019 | H16: 0.058374533
B17: Coal | I17: 0.18711599 | J17: 0.16413618 | K17: 0.16746045 | L17: 0.18111402 | M17: 0.15963575 | N17: 0.16804199 | O17: 0.16165086 | P17: 0.15752374 | Q17: 0.15902949 | R17: 0.13945715 | S17: 0.13975659 | T17: 0.13746934 | U17: 0.14041027 | V17: 0.13982902 | W17: 0.13249522 | X17: 0.12600475 | Y17: 0.125477 | Z17: 0.12994336 | AA17: ='Borough GHG'!E45 -> 0.084403921
B18: Oil | I18: 0.054958267 | J18: 0.056480194 | K18: 0.053064367 | L18: 0.053785185 | M18: 0.050996634 | N18: 0.055636307 | O18: 0.049758703 | P18: 0.050340639 | Q18: 0.051883199 | R18: 0.050142715 | S18: 0.049826371 | T18: 0.050816983 | U18: 0.049457978 | V18: 0.050176146 | W18: 0.050158863 | X18: 0.050002387 | Y18: 0.048960191 | Z18: 0.043843762 | AA18: ='Borough GHG'!F45 -> 0.045903076
B19: Bioenergy and waste (not grid connected) | I19: 0.078427207 | J19: 0.082393385 | K19: 0.075424465 | L19: 0.066665507 | M19: 0.06757952 | N19: 0.075387487 | O19: 0.072079415 | P19: 0.078276719 | Q19: 0.083148746 | R19: 0.080762741 | S19: 0.087994507 | T19: 0.092638414 | U19: 0.093853341 | V19: 0.1002251 | W19: 0.1039758 | X19: 0.10613986 | Y19: 0.11066573 | Z19: 0.10786468 | AA19: ='Borough GHG'!G45 -> 0.11313979
B20: SUB-TOTAL | C20: 15.84 | D20: =SUM(D14:D19) -> 17.536663 | E20: =SUM(E14:E19) -> 17.791542 | F20: =SUM(F14:F19) -> 17.950074 | G20: =SUM(G14:G19) -> 18.108605 | H20: =SUM(H14:H19) -> 16.848706 | I20: =SUM(I14:I19) -> 17.055987 | J20: =SUM(J14:J19) -> 17.063394 | K20: =SUM(K14:K19) -> 16.881881 | ... AA20: =SUM(AA14:AA19) -> 8.7432818
B21: Reduction from 2000 | E21: =(E20-$D$20)/$D$20 -> 0.014534064 | F21: =(F20-$D$20)/$D$20 -> 0.023574061 | G21: =(G20-$D$20)/$D$20 -> 0.032614059 | H21: =(H20-$D$20)/$D$20 -> -0.039229638 | I21: =(I20-$D$20)/$D$20 -> -0.027409779 | J21: =(J20-$D$20)/$D$20 -> -0.026987453 | K21: =(K20-$D$20)/$D$20 -> -0.037337914 | L21: =(L20-$D$20)/$D$20 -> -0.069293876 | ... AA21: =(AA20-$D$20)/$D$20 -> -0.50142843
B22: I. ENERGY INDUSTRIAL AND COMMERCIAL | C22: E | D22: C | E22: C | F22: E | G22: C | H22: C | I22: C | J22: C | K22: C | L22: C | M22: C | N22: C | O22: C | P22: C | Q22: C | R22: C | S22: C | T22: C | U22: C | V22: C | W22: C | X22: C | Y22: C | Z22: C | AA22: I
B23: Gas | D23: 6.37769 | E23: 6.1624141 | F23: =(G23-E23)/2+E23 -> 5.6663258 | G23: 5.1702375 | H23: 6.515409 | I23: 5.0402775 | J23: 4.816707 | K23: 4.5244475 | L23: 4.4953519 | M23: 4.1575652 | N23: 4.208337 | O23: 4.0189386 | P23: 3.9543804 | Q23: 3.8516188 | R23: 3.9527132 | S23: 3.7582329 | T23: 3.6757949 | U23: 3.7934088 | V23: 3.6836061 | W23: 3.6064072 | X23: 3.6678433 | Y23: 3.516367 | Z23: 3.5299195 | AA23: ='Borough GHG'!K45-'Borough GHG'!K43/1000 -> 3.3333828
B24: Electricity | D24: =16.3113908174995-D41 -> 15.332707 | E24: =14.0074473342859-E41 -> 13.167 | F24: =((G24-E24)/2+E24) -> 13.793682 | G24: =15.3408128241558-G41 -> 14.420364 | H24: =13.800344971-H41 -> 12.972324 | I24: 12.878095 | J24: 14.602348 | K24: 14.168395 | L24: 13.657477 | M24: 12.359314 | N24: 12.835405 | O24: 11.664846 | P24: 13.613146 | Q24: 12.524947 | R24: 10.969837 | S24: 9.344237 | T24: 7.186274 | U24: 6.4737662 | V24: 5.86988 | W24: 5.1878548 | X24: 3.9606135 | Y24: 4.444128 | Z24: 4.5604189 | AA24: ='Borough GHG'!J45 -> 3.8712717
B25: Large industrial gas | I25: 0.12858 | J25: 0.10432 | K25: 0.09818 | L25: 0.0987 | M25: 0.09727 | N25: 0.067887657 | O25: 0.023230612 | P25: 0.031015274 | Q25: 0.032036896 | R25: 0.019515064 | S25: 0.018515611 | T25: 0.013472645 | U25: 0.013795751 | V25: 0.010066494 | W25: 0.011014435 | X25: 0.0092972366 | Y25: 0.011540347 | Z25: 0.0087674315 | AA25: ='Borough GHG'!K43/1000 -> 0.0097394471
B26: Other | D26: 2.354 | E26: 2.4279956 | F26: 1.6425944 | G26: 0.85719326 | H26: 0.56688732
B27: Coal | I27: 0.12185946 | J27: 0.12974385 | K27: 0.11285151 | L27: 0.13075747 | M27: 0.16353192 | N27: 0.17597881 | O27: 0.16416636 | P27: 0.1849209 | Q27: 0.22733037 | R27: 0.20577487 | S27: 0.11146971 | T27: 0.10821756 | U27: 0.086933004 | V27: 0.070927574 | W27: 0.066467893 | X27: 0.060408395 | Y27: 0.053616607 | Z27: 0.05852372 | AA27: ='Borough GHG'!L45 -> 0.05825137
B28: Oil | I28: 2.9109231 | J28: 2.8197101 | K28: 2.960258 | L28: 2.285434 | M28: 2.0121878 | N28: 2.1743552 | O28: 1.9588182 | P28: 2.0730392 | Q28: 1.9487059 | R28: 1.8558085 | S28: 1.9245926 | T28: 1.9849113 | U28: 2.0065356 | V28: 2.1568264 | W28: 2.1343981 | X28: 2.0647511 | Y28: 2.1251368 | Z28: 1.9954197 | AA28: ='Borough GHG'!M45 -> 2.0459641
B29: Bioenergy and waste (not grid connected) | I29: 0.044138662 | J29: 0.054394137 | K29: 0.019489116 | L29: 0.033086161 | M29: 0.024678992 | N29: 0.035139253 | O29: 0.062947707 | P29: 0.059177581 | Q29: 0.067245097 | R29: 0.092262766 | S29: 0.087281018 | T29: 0.14287567 | U29: 0.13384496 | V29: 0.13602283 | W29: 0.12905842 | X29: 0.12667766 | Y29: 0.11501492 | Z29: 0.11436781 | AA29: ='Borough GHG'!N45 -> 0.083124727
B30: EfW (Incineration and open burning)2 | Q30: 0.0074855276 | R30: 0.0074845687 | S30: 0.00749509 | T30: 0.69243163 | U30: 0.76292036 | V30: 0.81929915 | W30: 0.87842909 | X30: 0.94384288 | Y30: 0.90408887 | Z30: 0.97776467 | AA30: =('I. Energy - Stationary'!I137+'I. Energy - Stationary'!I138)/1000000 -> 0.97350667
B31: SUB-TOTAL | C31: 19.74 | D31: =SUM(D23:D26) -> 24.064397 | E31: =SUM(E23:E26) -> 21.75741 | F31: =SUM(F23:F26) -> 21.102603 | G31: =SUM(G23:G26) -> 20.447795 | H31: =SUM(H23:H26) -> 20.054621 | I31: =SUM(I23:I29) -> 21.123874 | J31: =SUM(J23:J29) -> 22.527223 | K31: =SUM(K23:K29) -> 21.883622 | L31: =SUM(L23:L29) -> 20.700806 | M31: =SUM(M23:M29) -> 18.814548 | N31: =SUM(N23:N29) -> 19.497103 | O31: =SUM(O23:O29) -> 17.892948 | P31: =SUM(P23:P29) -> 19.91568 | ... AA31: =SUM(AA23:AA29) -> 9.4017341
B32: Reduction from 2000 | E32: =(E31-$D$31)/$D$31 -> -0.095867231 | F32: =(F31-$D$31)/$D$31 -> -0.12307787 | G32: =(G31-$D$31)/$D$31 -> -0.15028851 | H32: =(H31-$D$31)/$D$31 -> -0.16662693 | I32: =(I31-$D$31)/$D$31 -> -0.12219395 | J32: =(J31-$D$31)/$D$31 -> -0.06387755 | K32: =(K31-$D$31)/$D$31 -> -0.090622501 | L32: =(L31-$D$31)/$D$31 -> -0.13977458 | ... AA32: =(AA31-$D$31)/$D$31 -> -0.60930939
B33: I. STATIONARY ENERGY: FUGITIVE | C33: E | D33: C | E33: C | F33: E | G33: C | H33: C | I33: C | J33: C | K33: C | L33: C | M33: C | N33: C | O33: C | P33: C | Q33: C | R33: C | S33: C | T33: C | U33: C | V33: C | W33: C | X33: C | Y33: C | Z33: C | AA33: I
B34: Energy Domestic | I34: 0.16501703 | J34: 0.15971266 | K34: 0.15650604 | L34: 0.15213938 | M34: 0.14088923 | N34: 0.1401428 | O34: 0.13191774 | P34: 0.13060742 | Q34: 0.12874232 | R34: 0.12631244 | S34: 0.12728217 | T34: 0.12657168 | U34: 0.13100998 | V34: 0.12408249 | W34: 0.12802712 | X34: 0.1371502 | Y34: 0.11907541 | Z34: 0.10872906 | AA34: =AA36*AA14/(AA14+AA23+AA25) -> 0.10577509
B35: Energy Industrial and Commercial | I35: 0.085318154 | J35: 0.081533715 | K35: 0.076586559 | L35: 0.07609405 | M35: 0.070376242 | N35: 0.07123567 | O35: 0.068462158 | P35: 0.067022642 | Q35: 0.06546604 | R35: 0.067348653 | S35: 0.06397935 | T35: 0.062643976 | U35: 0.064483636 | V35: 0.062807824 | W35: 0.061729899 | X35: 0.063883648 | Y35: 0.061245352 | Z35: 0.060656853 | AA35: =AA36-AA34 -> 0.057285873
B36: SUB-TOTAL | D36: 0.28091629 | E36: 0.30837705 | F36: 0.19115925 | G36: 0.26230958 | H36: 0.26341697 | I36: =SUM(I34:I35) -> 0.25033519 | J36: =SUM(J34:J35) -> 0.24124638 | K36: =SUM(K34:K35) -> 0.2330926 | L36: =SUM(L34:L35) -> 0.22823343 | M36: =SUM(M34:M35) -> 0.21126547 | N36: =SUM(N34:N35) -> 0.21137847 | O36: =SUM(O34:O35) -> 0.2003799 | P36: =SUM(P34:P35) -> 0.19763006 | ... Z36: =SUM(Z34:Z35) -> 0.16938591 | AA36: ='Borough GHG'!AD45 -> 0.16306096
B37: SUB-TOTAL: STATIONARY ENERGY | C37: =C20+C31+C36 -> 35.58 | D37: =D20+D31+D36 -> 41.881977 | E37: =E20+E31+E36 -> 39.85733 | F37: =F20+F31+F36 -> 39.243836 | G37: =G20+G31+G36 -> 38.81871 | H37: =H20+H31+H36 -> 37.166744 | I37: =I20+I31+I36 -> 38.430196 | J37: =J20+J31+J36 -> 39.831863 | ... AA37: =AA20+AA31+AA36 -> 18.308077
B38: II. TRANSPORT | C38: E | D38: C | E38: C | F38: E | G38: C | H38: C | I38: C | J38: C | K38: E | L38: C | M38: E | N38: C | O38: E | P38: E | Q38: C | R38: E | S38: E | T38: C | U38: E | V38: E | W38: C | X38: E | Y38: E | Z38: C | AA38: I | AD38: Please note that there was a change in methodology to calculate CO2 emissions from transport between the period 2010-2012 and 2013. The most significant change was to road transport (change from a 'Defra Company Reporting' approach to a methodology in line with the National Atmospheric Emissions Inventory). Direct comparison of CO2 emissions between these years is therefore not advised. Transport emissions for 2013, 2016 and 2019 data have been updated following the latest publication of LAEI (2019). Transport emissions for interim years (2014, 2015, 2017, 2018, 2020, 2021) have been interpolated.
B39: Road transport (non electric) | C39: 7.219858 | D39: 6.623 | E39: 7.0018641 | F39: =(G39-E39)/2+E39 -> 7.2403405 | G39: 7.478817 | H39: 7.431636 | I39: 7.6692772 | J39: 7.6722846 | K39: 7.5908621 | L39: 7.5094396 | M39: 7.192674 | N39: 6.8759084 | O39: 7.1157785 | P39: 7.3556487 | Q39: 7.5955189 | R39: 7.5615349 | S39: 7.5339015 | T39: 7.6385427 | U39: 7.4159348 | V39: 7.24292 | W39: 7.1131957 | X39: 5.8352005 | Y39: 6.1949064 | Z39: 6.7893788 | AA39: ='Borough GHG'!T45 -> 6.6461607
B40: Rail_diesel | C40: 1.3867859 | D40: 0.2432247 | E40: 0.70016122 | F40: =(G40-E40)/2+E40 -> 0.84057263 | G40: 0.98098404 | H40: 0.18596729 | I40: 0.191546 | J40: 0.19154632 | K40: =J40 -> 0.19154632 | L40: 0.28214885 | M40: =L40 -> 0.28214885 | N40: 0.11117351 | O40: 0.11117351 | P40: 0.11117351 | Q40: 0.13313119 | R40: 0.13938504 | S40: 0.14281102 | T40: 0.14679734 | U40: 0.12523685 | V40: 0.11414421 | W40: 0.10310807 | X40: 0.082381428 | Y40: 0.086885035 | Z40: 0.083413987 | AA40: ='Borough GHG'!R45 -> 0.084619158
B41: Rail_electric | D41: 0.97868345 | E41: 0.84044684 | F41: 0.8804478 | G41: 0.92044877 | H41: 0.8280207 | I41: 0.98461406 | J41: 0.97870266 | K41: =J41 -> 0.97870266 | L41: 1.2372607 | M41: =L41 -> 1.2372607 | N41: 1.1844945 | O41: 1.1844945 | P41: 1.1844945 | Q41: 1.1727702 | R41: 1.055314 | S41: 0.9047495 | T41: 0.72446202 | U41: 0.66866135 | V41: 0.62395685 | W41: 0.58182967 | X41: 0.46578215 | Y41: 0.50423397 | Z41: 0.53408925 | AA41: ='Borough GHG'!S45 -> 0.45528491
B42: Road transport (electric) | V42: 0.012885128 | W42: 0.017839615 | X42: 0.035136843 | Y42: 0.050961459 | Z42: 0.0900329 | AA42: ='Borough GHG'!U45 -> 0.12035522
B43: Aviation | C43: 0.8576528 | D43: 0.856 | E43: 0.76137405 | F43: =(G43-E43)/2+E43 -> 0.91406118 | G43: 1.0667483 | H43: 1.2012669 | I43: 1.356815 | J43: 1.356815 | K43: =J43 -> 1.356815 | L43: 1.3870149 | M43: =L43 -> 1.3870149 | N43: 0.87113931 | O43: 0.87113931 | P43: 0.87113931 | Q43: 0.92907839 | R43: 0.94123027 | S43: 0.95338215 | T43: 0.96553403 | U43: 0.9571225 | V43: 0.94871097 | W43: 0.94029945 | X43: 0.3986001 | Y43: 0.36859634 | Z43: 0.67580003 | AA43: ='Borough GHG'!P45 -> 0.81117214
B44: Shipping | C44: 0.01 | D44: 0.012 | E44: 0.0051313906 | F44: =(G44-E44)/2+E44 -> 0.0061604476 | G44: 0.0071895046 | H44: 0.007157 | I44: 0.0072614007 | J44: 0.0072276935 | K44: =J44 -> 0.0072276935 | L44: 0.0072276935 | M44: =L44 -> 0.0072276935 | N44: 0.019368174 | O44: 0.019368174 | P44: 0.019368174 | Q44: 0.036424899 | R44: 0.038868804 | S44: 0.041312709 | T44: 0.043756614 | U44: 0.042304585 | V44: 0.040852556 | W44: 0.045179229 | X44: 0.042910835 | Y44: 0.02237282 | Z44: 0.033169701 | AA44: ='Borough GHG'!Q45 -> 0.058835909
B45: NRMM | Q45: 0.32785755 | R45: 0.37127497 | S45: 0.41469238 | T45: 0.4581098 | U45: 0.46489362 | V45: 0.47167744 | W45: 0.47840308 | X45: 0.45546624 | Y45: 0.45423521 | Z45: 0.53788781 | AA45: ='Borough GHG'!Z45 -> 0.54355991
B46: SUB-TOTAL | C46: =SUM(C39:C45) -> 9.4742967 | D46: =SUM(D39:D45) -> 8.7129082 | E46: =SUM(E39:E45) -> 9.3089776 | F46: =SUM(F39:F45) -> 9.8815826 | G46: =SUM(G39:G45) -> 10.454188 | H46: =SUM(H39:H45) -> 9.6540479 | I46: =SUM(I39:I45) -> 10.209514 | J46: =SUM(J39:J45) -> 10.206576 | ... AA46: =SUM(AA39:AA45) -> 8.7199879
B47: Reduction from 2000 | E47: =(E$46-$D$46)/$D$46 -> 0.068412227 | F47: =(F$46-$D$46)/$D$46 -> 0.13413139 | G47: =(G$46-$D$46)/$D$46 -> 0.19985055 | H47: =(H$46-$D$46)/$D$46 -> 0.10801671 | I47: =(I$46-$D$46)/$D$46 -> 0.17176877 | J47: =(J$46-$D$46)/$D$46 -> 0.17143165 | K47: =(K$46-$D$46)/$D$46 -> 0.1620866 | L47: =(L$46-$D$46)/$D$46 -> 0.19628161 | M47: =(M$46-$D$46)/$D$46 -> 0.15992571 | N47: =(N46-$D$46)/$D$46 -> 0.040075683 | O47: =(O46-$D$46)/$D$46 -> 0.067606119 | P47: =(P46-$D$46)/$D$46 -> 0.095136555 | Q47: =(Q46-$D$46)/$D$46 -> 0.17007788 | R47: =(R46-$D$46)/$D$46 -> 0.16007282 | S47: =(S46-$D$46)/$D$46 -> 0.14667217 | T47: =(T46-$D$46)/$D$46 -> 0.1451059 | U47: =(U46-$D$46)/$D$46 -> 0.11032431 | ... AA47: =(AA46-$D$46)/$D$46 -> 0.00081256271
B48: III. WASTE
B49: Solid waste disposal | Q49: 0.30737302 | R49: 0.31737705 | S49: 0.30848048 | T49: 0.33390911 | U49: 0.30485534 | V49: 0.26268239 | W49: 0.27413506 | X49: 0.2228984 | Y49: 0.20650623 | Z49: 0.19287272 | AA49: =('III. Waste'!L10+'III. Waste'!L12)/1000000 -> 0.19636945
B50: Biological treatment of waste | Q50: 0.060265827 | R50: 0.057643083 | S50: 0.03627039 | T50: 0.041129155 | U50: 0.052799577 | V50: 0.058587335 | W50: 0.067176967 | X50: 0.058387725 | Y50: 0.060764648 | Z50: 0.04936005 | AA50: =SUM('III. Waste'!L20:L27)/1000000 -> 0.056420457
B51: Wastewater treatment and discharge | Q51: 0.18041804 | R51: 0.18303655 | S51: 0.18593095 | T51: 0.18798766 | U51: 0.18917398 | V51: 0.19095489 | W51: 0.19211047 | X51: 0.19297861 | Y51: 0.18856577 | Z51: 0.1900567 | AA51: ='III. Waste'!L35/1000000 -> 0.19175294
B52: SUB-TOTAL | C52: =SUM(C49:C51) -> 0 | D52: =SUM(D49:D51) -> 0 | E52: =SUM(E49:E51) -> 0 | F52: =SUM(F49:F51) -> 0 | G52: =SUM(G49:G51) -> 0 | H52: =SUM(H49:H51) -> 0 | I52: =SUM(I49:I51) -> 0 | J52: =SUM(J49:J51) -> 0 | ... AA52: =SUM(AA49:AA51) -> 0.44454284
B53: IV. INDUSTRIAL PROCESSES & PRODUCT USE
B54: Industrial Processes | C54: NO | D54: NO | E54: NO | F54: NO | G54: NO | H54: NO | I54: NO | J54: NO | K54: NO | L54: NO | M54: NO | N54: NO | O54: NO | P54: NO | Q54: NO | R54: NO | S54: NO | T54: NO | U54: NO | V54: NO | W54: NO | X54: NO | Y54: NO | Z54: NO | AA54: NO
B55: Product Use | C55: 0.13536145 | G55: 1.5046899 | H55: 1.6470919 | I55: 1.3478076 | J55: 1.4228268 | K55: 1.4942821 | L55: 1.5405997 | M55: 1.6013776 | N55: 1.6958505 | O55: 1.5359552 | P55: 1.5911153 | Q55: 1.619473 | R55: 1.6410261 | S55: 1.6399107 | T55: 1.5662244 | U55: 1.4601119 | V55: 1.3807014 | W55: 1.3189411 | X55: 1.2605781 | Y55: 1.1576058 | Z55: 1.0144399 | AA55: ='IV. IPPU'!R65/1000000 -> 1.0101036
B56: SUB-TOTAL | C56: =C55 -> 0.13536145 | D56: =D55 -> 0 | E56: =E55 -> 0 | F56: =F55 -> 0 | G56: =G55 -> 1.5046899 | H56: =H55 -> 1.6470919 | I56: =I55 -> 1.3478076 | J56: =J55 -> 1.4228268 | ... AA56: =AA55 -> 1.0101036
B57: V. AGRICULTURE
B58: Livestock | C58: 0.028358998 | D58: 0.021443251 | E58: 0.020121424 | F58: 0.018647758 | G58: 0.017569017 | H58: 0.017870952 | I58: 0.013147487 | J58: 0.012955267 | K58: 0.011235467 | L58: 0.011380268 | M58: 0.011620311 | N58: 0.013361899 | O58: 0.012955426 | P58: 0.01256309 | Q58: 0.011839146 | R58: 0.010645547 | S58: 0.010300334 | T58: 0.010242813 | U58: 0.010130797 | V58: 0.010356521 | W58: 0.010356521 | X58: 0.010356521 | Y58: 0.010356521 | Z58: 0.011914744 | AA58: ='V. AFOLU'!H20 -> 0.011914744
B59: Land | C59: 0.13665979 | D59: 0.12932167 | E59: 0.12730635 | F59: 0.12581041 | G59: 0.12398264 | H59: 0.12050758 | I59: 0.11955127 | J59: 0.11712679 | K59: 0.11564482 | L59: 0.11377005 | M59: 0.11259782 | N59: 0.11161635 | O59: 0.11046022 | P59: 0.10881793 | Q59: 0.1065447 | R59: 0.10984624 | S59: 0.10478077 | T59: 0.10569714 | U59: 0.10324654 | V59: 0.10236322 | W59: 0.10236322 | X59: 0.10236322 | Y59: 0.10236322 | Z59: 0.1090199 | AA59: ='V. AFOLU'!H44 -> 0.1090199
B60: Aggregate Sources and Non-CO2 Emissions Sources on Land | C60: 0.00023073093 | D60: 0 | E60: 0 | F60: 0 | G60: 0 | H60: 0 | I60: 0 | J60: 0 | K60: 0 | L60: 0 | M60: 0 | N60: 0 | O60: 0 | P60: 0 | Q60: 0 | R60: 0 | S60: 0 | T60: 0 | U60: 0 | V60: 0 | W60: 0 | X60: 0 | Y60: 0 | Z60: 0 | AA60: ='V. AFOLU'!H49 -> 0
B61: Other | C61: 0.0098861847 | D61: 0.0083771062 | E61: 0.0075283288 | F61: 0.0073351517 | G61: 0.0073181826 | H61: 0.0068690118 | I61: 0.0070891517 | J61: 0.0077843654 | K61: 0.005942476 | L61: 0.0066130885 | M61: 0.0058695692 | N61: 0.0067016826 | O61: 0.0066430068 | P61: 0.007210976 | Q61: 0.0066016607 | R61: 0.0071956236 | S61: 0.0069585995 | T61: 0.0063958098 | U61: 0.0059678364 | V61: 0.0064362685 | W61: 0.0064362685 | X61: 0.0064362685 | Y61: 0.0064362685 | Z61: 0.0068959842 | AA61: ='V. AFOLU'!H63 -> 0.0068959842
B62: SUB-TOTAL | C62: =SUM(C58:C61) -> 0.17513571 | D62: =SUM(D58:D61) -> 0.15914203 | E62: =SUM(E58:E61) -> 0.1549561 | F62: =SUM(F58:F61) -> 0.15179332 | G62: =SUM(G58:G61) -> 0.14886984 | H62: =SUM(H58:H61) -> 0.14524754 | I62: =SUM(I58:I61) -> 0.13978791 | J62: =SUM(J58:J61) -> 0.13786642 | ... AA62: =SUM(AA58:AA61) -> 0.12783062
B63: Land CO2 removals | C63: -0.10776935 | D63: -0.12316365 | E63: -0.12562143 | F63: -0.12750644 | G63: -0.1296746 | H63: -0.13145663 | I63: -0.13334311 | J63: -0.13607171 | K63: -0.13791716 | L63: -0.13959849 | M63: -0.14043471 | N63: -0.14277009 | O63: -0.14474844 | P63: -0.1466731 | Q63: -0.14833615 | R63: -0.14962014 | S63: -0.15153397 | T63: -0.15297185 | U63: -0.15398779 | V63: -0.15494903 | W63: -0.15494903 | X63: -0.15494903 | Y63: -0.15494903 | Z63: -0.082792442 | AA63: =SUM('V. AFOLU'!G25:G42)/1000000 -> -0.082792442
B64: Reduction from 2000 | E64: =(E62-$D$62)/$D$62 -> -0.026303102 | F64: =(F62-$D$62)/$D$62 -> -0.046177059 | G64: =(G62-$D$62)/$D$62 -> -0.06454732 | H64: =(H62-$D$62)/$D$62 -> -0.087308695 | I64: =(I62-$D$62)/$D$62 -> -0.12161538 | J64: =(J62-$D$62)/$D$62 -> -0.13368944 | K64: =(K62-$D$62)/$D$62 -> -0.16538221 | L64: =(L62-$D$62)/$D$62 -> -0.17203891 | ... AA64: =(AA62-$D$62)/$D$62 -> -0.19675132
B65: TOTAL | C65: =C37+C46+C52+C56+C62 -> 45.364794 | D65: =D37+D46+D52+D56+D62 -> 50.754027 | E65: =E37+E46+E52+E56+E62 -> 49.321263 | F65: =F37+F46+F52+F56+F62 -> 49.277212 | G65: =G37+G46+G52+G56+G62 -> 50.926457 | H65: =H37+H46+H52+H56+H62 -> 48.613131 | I65: =I37+I46+I52+I56+I62 -> 50.127305 | J65: =J37+J46+J52+J56+J62 -> 51.599132 | ... AA65: =AA37+AA46+AA52+AA56+AA62 -> 28.610542
B66: Reduction from 1990 | D66: =(D65-$C$65)/$C$65 -> 0.1187977 | E66: =(E65-$C$65)/$C$65 -> 0.087214538 | F66: =(F65-$C$65)/$C$65 -> 0.086243479 | G66: =(G65-$C$65)/$C$65 -> 0.12259866 | H66: =(H65-$C$65)/$C$65 -> 0.07160481 | I66: =(I65-$C$65)/$C$65 -> 0.10498254 | J66: =(J65-$C$65)/$C$65 -> 0.1374268 | K66: =(K65-$C$65)/$C$65 -> 0.11872775 | ... AA66: =(AA65-$C$65)/$C$65 -> -0.36932278
B67: Reduction from 2000 | E67: =(E65-$D$65)/$D$65 -> -0.02822956 | F67: =(F65-$D$65)/$D$65 -> -0.029097508 | G67: =(G65-$D$65)/$D$65 -> 0.0033973606 | H67: =(H65-$D$65)/$D$65 -> -0.042181795 | I67: =(I65-$D$65)/$D$65 -> -0.01234822 | J67: =(J65-$D$65)/$D$65 -> 0.016650992 | K67: =(K65-$D$65)/$D$65 -> -6.2526124e-05 | L67: =(L65-$D$65)/$D$65 -> -0.027742674 | ... AA67: =(AA65-$D$65)/$D$65 -> -0.43629021
B68: Population | C68: 6798800 | D68: 7236700 | E68: 7322400 | F68: 7376700 | G68: 7394800 | H68: 7432700 | I68: 7519000 | J68: 7597800 | K68: 7693600 | L68: 7812400 | M68: 7942500 | N68: 8061495 | O68: 8204370 | P68: 8320160 | Q68: 8437904 | R68: 8546344 | S68: 8660701 | T68: 8747370 | U68: 8778769 | V68: 8834085 | W68: 8888757 | X68: 8866225 | Y68: 8804763 | Z68: 8866180 | AA68: 8945310
B69: Reduction from 2015 (Accelerated Green) | S69: 0 | T69: -0.08910587 | U69: -0.12772553 | V69: -0.15426923 | W69: -0.19210309 | X69: -0.28191236 | Y69: -0.30862443 | Z69: -0.34286026 | AA69: -0.38257485 | AD69: Please note that, due to historic data backcasting in Government datasets, the absolute emissions in the Accelerated Green pathway are no longer reflective of true historic emissions in London. Emissions reductions in London should be compared with the rate of change set by the Accelerated Green pathway, as shown here.
B70: Reduction from 2015 (LEGGI) | S70: =(S65-$S65)/$S65 -> 0 | T70: =(T65-$S65)/$S65 -> -0.080912327 | U70: =(U65-$S65)/$S65 -> -0.10979331 | V70: =(V65-$S65)/$S65 -> -0.15185401 | W70: =(W65-$S65)/$S65 -> -0.17897458 | X70: =(X65-$S65)/$S65 -> -0.25442181 | Y70: =(Y65-$S65)/$S65 -> -0.26462968 | Z70: =(Z65-$S65)/$S65 -> -0.25876983 | AA70: =(AA65-$S65)/$S65 -> -0.29340535
B71: tCO2 per capita_all | C71: =C65*1000000/C68 -> 6.6724707 | D71: =D65*1000000/D68 -> 7.0134215 | E71: =E65*1000000/E68 -> 6.7356691 | F71: =F65*1000000/F68 -> 6.680116 | G71: =G65*1000000/G68 -> 6.886793 | H71: =H65*1000000/H68 -> 6.5404404 | I71: =I65*1000000/I68 -> 6.6667516 | J71: =J65*1000000/J68 -> 6.7913254 | ... AA71: =AA65*1000000/AA68 -> 3.1983846
B72: tCO2 per capita_domestic and transport only | C72: =(C20+C46)/C68*1000000 -> 3.7233478 | D72: =(D20+D46)/D68*1000000 -> 3.6272848 | E72: =(E20+E46)/E68*1000000 -> 3.7010434 | F72: =(F20+F46)/F68*1000000 -> 3.7729142 | G72: =(G20+G46)/G68*1000000 -> 3.8625511 | H72: =(H20+H46)/H68*1000000 -> 3.5656968 | I72: =(I20+I46)/I68*1000000 -> 3.6262137 | J72: =(J20+J46)/J68*1000000 -> 3.5891929 | ... AA72: =(AA20+AA46)/AA68*1000000 -> 1.9522263
B73: Net CO2 | C73: =C65+C63 -> 45.257025 | D73: =D65+D63 -> 50.630864 | E73: =E65+E63 -> 49.195642 | F73: =F65+F63 -> 49.149705 | G73: =G65+G63 -> 50.796782 | H73: =H65+H63 -> 48.481675 | I73: =I65+I63 -> 49.993962 | J73: =J65+J63 -> 51.46306 | ... AA73: =AA65+AA63 -> 28.52775
B75: 1. Data is reported as CO2 equivalent (CO2e) where available. The data worksheets indicate where it is not available by stating 'CO2' in the data headings.
B76: 2. Emissions from EfW (Incineration) are shown here, but not included in the total to avoid double counting of emissions. Since EfW facilities are grid connected, emissions from EfW are accounted for in the UK grid mix.
B79: Table 0.2 Historical overview, GWh
C81: Energy Use (GWh)
C82: 1990 | D82: 2000 | E82: 2001 | F82: 2002 | G82: 2003 | H82: 2004 | I82: 2005 | J82: 2006 | K82: 2007 | L82: 2008 | M82: 2009 | N82: 2010 | O82: 2011 | P82: 2012 | Q82: 2013 | R82: 2014 | S82: 2015 | T82: 2016 | U82: 2017 | V82: 2018 | W82: 2019 | X82: 2020 | Y82: 2021 | Z82: 2022 | AA82: 2023
B83: DOMESTIC | C83: E | D83: C | E83: C | F83: E | G83: C | H83: C | I83: C | J83: C | K83: C | L83: C | M83: C | N83: C | O83: C | P83: C | Q83: C | R83: C | S83: C | T83: C | U83: C | V83: C | W83: C | X83: C | Y83: C | Z83: C | AA83: I
B84: Gas | D84: 54743 | E84: 64627.994 | F84: =(E84+G84)/2 -> 59994.202 | G84: 55360.41 | H84: 55299.045 | I84: 52635.328 | J84: 50943.398 | K84: 49920.585 | L84: 48527.755 | M84: 44939.305 | N84: 44701.219 | O84: 42077.678 | P84: 41659.726 | Q84: 41064.819 | R84: 40289.761 | S84: 40599.075 | T84: 40372.449 | U84: 41788.13 | V84: 39578.475 | W84: 40836.692 | X84: 43746.672 | Y84: 37981.373 | Z84: 34681.205 | AA84: ='Borough kWh'!D45 -> 33738.98
B85: Electricity | D85: 13125.563 | E85: 13535.612 | F85: =(E85+G85)/2 -> 13615.786 | G85: 13695.96 | H85: 13459.236 | I85: 13885.206 | J85: 13700.846 | K85: 13773.696 | L85: 13410.038 | M85: 13370.985 | N85: 13468.494 | O85: 13373.911 | P85: 13275.357 | Q85: 13101.747 | R85: 13226.329 | S85: 13051.446 | T85: 12946.456 | U85: 12802.762 | V85: 12611.428 | W85: 12553.298 | X85: 13134.81 | Y85: 12413.778 | Z85: 11683.96 | AA85: ='Borough kWh'!C45 -> 11900.129
B86: Coal | D86: 0 | E86: 0 | F86: =(E86+G86)/2 -> 23.806915 | G86: 47.61383 | H86: 25.004655 | I86: 538.91302 | J86: 472.72883 | K86: 482.30308 | L86: 521.62674 | M86: 459.76713 | N86: 483.97797 | O86: 465.57087 | P86: 453.68433 | Q86: 458.02106 | R86: 401.65073 | S86: 402.51316 | T86: 395.92564 | U86: 404.39581 | V86: 402.72176 | W86: 381.59968 | X86: 362.90646 | Y86: 361.38649 | Z86: 374.25006 | AA86: ='Borough kWh'!E45 -> 243.09185
B87: Oil | D87: 187 | E87: 661.73031 | F87: =(E87+G87)/2 -> 614.2846 | G87: 566.8389 | H87: 267.27991 | I87: 214.26225 | J87: 220.19569 | K87: 206.87862 | L87: 209.68883 | M87: 198.81729 | N87: 216.90568 | O87: 193.99104 | P87: 196.2598 | Q87: 202.27368 | R87: 195.48817 | S87: 194.25486 | T87: 198.11689 | U87: 192.81863 | V87: 195.6185 | W87: 195.55112 | X87: 194.94108 | Y87: 190.87794 | Z87: 170.93085 | AA87: ='Borough kWh'!F45 -> 178.95936
B88: Waste & bioenergy (not grid connected) | I88: 565.39774 | J88: 593.99072 | K88: 543.75036 | L88: 480.60524 | M88: 487.19455 | N88: 543.48377 | O88: 519.63521 | P88: 564.31283 | Q88: 599.43628 | R88: 582.23507 | S88: 634.37035 | T88: 667.84923 | U88: 676.60789 | V88: 722.54319 | W88: 749.58273 | X88: 765.18389 | Y88: 797.81182 | Z88: 777.61845 | AA88: ='Borough kWh'!G45 -> 815.64785
B89: SUB-TOTAL | D89: =SUM(D84:D87) -> 68055.563 | E89: =SUM(E84:E87) -> 78825.336 | F89: =SUM(F84:F87) -> 74248.08 | G89: =SUM(G84:G87) -> 69670.823 | H89: =SUM(H84:H87) -> 69050.566 | I89: =SUM(I84:I88) -> 67839.107 | J89: =SUM(J84:J88) -> 65931.159 | K89: =SUM(K84:K88) -> 64927.213 | L89: =SUM(L84:L88) -> 63149.714 | M89: =SUM(M84:M88) -> 59456.069 | N89: =SUM(N84:N88) -> 59414.081 | O89: =SUM(O84:O88) -> 56630.786 | P89: =SUM(P84:P88) -> 56149.34 | ... AA89: =SUM(AA84:AA88) -> 46876.808
B90: INDUSTRIAL AND COMMERCIAL | C90: E | D90: C | E90: C | F90: E | G90: C | H90: C | I90: C | J90: C | K90: C | L90: C | M90: C | N90: C | O90: C | P90: C | Q90: C | R90: C | S90: C | T90: C | U90: C | V90: C | W90: C | X90: C | Y90: C | Z90: C | AA90: I
B91: Gas | D91: 34474 | E91: 33310.347 | F91: =(E91+G91)/2 -> 30628.788 | G91: 27947.23 | H91: 28360.295 | I91: 27213.852 | J91: 26006.733 | K91: 24428.743 | L91: 24271.648 | M91: 22447.844 | N91: 22721.975 | O91: 21837.31 | P91: 21378.149 | Q91: 20881.641 | R91: 21482.137 | S91: 20407.433 | T91: 19981.49 | U91: 20568.285 | V91: 20033.753 | W91: 19689.928 | X91: 20376.907 | Y91: 19535.372 | Z91: 19299.724 | AA91: ='Borough kWh'!K45-'Borough kWh'!K43/1000000 -> 18219.189
B92: Electricity | D92: 25884.017 | E92: 25258.505 | F92: =(E92+G92)/2 -> 25399.897 | G92: 25541.29 | H92: 26422.587 | I92: 27549.651 | J92: 29142.523 | K92: 28423.37 | L92: 28403.931 | M92: 27709.657 | N92: 25986.621 | O92: 24313.027 | P92: 25272.714 | Q92: 25032.37 | R92: 24414.309 | S92: 24306.732 | T92: 23392.819 | U92: 23345.713 | V92: 23204.641 | W92: 22446.586 | X92: 18764.455 | Y92: 19752.672 | Z92: 20343.071 | AA92: ='Borough kWh'!J45 -> 19797.851
B93: Large industrial | N93: 366.54423 | O93: 126.22589 | P93: 167.6746 | Q93: 173.68878 | R93: 106.06196 | S93: 100.53872 | T93: 73.236818 | U93: 74.802096 | V93: 54.747889 | W93: 60.135592 | X93: 50.932599 | Y93: 63.086506 | Z93: 47.935656 | AA93: ='Borough kWh'!K43/1000000 -> 53.232658
B94: Coal | D94: 255 | E94: 52.512478 | F94: =(E94+G94)/2 -> 37.871164 | G94: 23.22985 | H94: 41.903403 | I94: 350.9676 | J94: 373.67544 | K94: 325.02379 | L94: 376.59477 | M94: 470.98852 | N94: 506.83682 | O94: 472.81576 | P94: 532.59095 | Q94: 654.73451 | R94: 592.65248 | S94: 321.04408 | T94: 311.67754 | U94: 250.37587 | V94: 204.27861 | W94: 191.43427 | X94: 173.9823 | Y94: 154.42126 | Z94: 168.55425 | AA94: ='Borough kWh'!L45 -> 167.76985
B95: Oil | D95: 6420 | E95: 3142.9622 | F95: =(E95+G95)/2 -> 2967.6901 | G95: 2792.418 | H95: 3345.3337 | I95: 11348.628 | J95: 10993.022 | K95: 11540.967 | L95: 8910.074 | M95: 7844.7866 | N95: 8477.0181 | O95: 7636.718 | P95: 8082.0241 | Q95: 7597.2939 | R95: 7235.1209 | S95: 7503.2849 | T95: 7738.4455 | U95: 7822.7509 | V95: 8408.68 | W95: 8321.2403 | X95: 8049.7119 | Y95: 8285.1338 | Z95: 7779.4139 | AA95: ='Borough kWh'!M45 -> 7976.4683
B96: Waste & bioenergy (not grid connected) | D96: 1734 | E96: 326.66819 | F96: =(E96+G96)/2 -> 297.33205 | G96: 267.9959 | H96: 349.1564 | I96: 318.20462 | J96: 392.13843 | K96: 140.50102 | L96: 238.52488 | M96: 177.91589 | N96: 253.32604 | O96: 453.80287 | P96: 426.62326 | Q96: 484.78362 | R96: 665.1411 | S96: 629.22667 | T96: 1030.0199 | U96: 964.91564 | V96: 980.61631 | W96: 930.40847 | X96: 913.24512 | Y96: 829.16601 | Z96: 824.50086 | AA96: ='Borough kWh'!N45 -> 599.26311
B97: SUB-TOTAL | D97: =SUM(D91:D96) -> 68767.017 | E97: =SUM(E91:E96) -> 62090.994 | F97: =SUM(F91:F96) -> 59331.579 | G97: =SUM(G91:G96) -> 56572.164 | H97: =SUM(H91:H96) -> 58519.275 | I97: =SUM(I91:I96) -> 66781.303 | J97: =SUM(J91:J96) -> 66908.092 | K97: =SUM(K91:K96) -> 64858.604 | ... AA97: =SUM(AA91:AA96) -> 46813.773
B98: TRANSPORT | C98: E | D98: C | E98: C | F98: E | G98: C | H98: C | I98: C | J98: C | K98: E | L98: C | M98: E | N98: C | O98: E | P98: E | Q98: C | R98: E | S98: E | T98: C | U98: E | V98: E | W98: C | X98: E | Y98: E | Z98: C | AA98: I
B99: Road transport (fossil fuels) | D99: 26995 | E99: 26768.876 | F99: =(E99+G99)/2 -> 27730.098 | G99: 28691.32 | H99: 30004.673 | I99: 29912.174 | J99: 29923.904 | K99: 29606.335 | L99: 29288.766 | M99: 28053.298 | N99: 26817.83 | O99: 27753.386 | P99: 28688.942 | Q99: 29624.498 | R99: 29491.952 | S99: 29384.174 | T99: 29792.302 | U99: 28924.073 | V99: 28249.271 | W99: 27743.312 | X99: 22758.799 | Y99: 24161.745 | Z99: 26480.342 | AA99: ='Borough kWh'!T45 -> 25906.117
B100: Rail diesel | D100: 2019 | E100: 1094.0036 | F100: =(E100+G100)/2 -> 1313.3968 | G100: 1532.79 | H100: 290.57389 | I100: 299.2911 | J100: 299.2911 | K100: =(J100+L100)/2 -> 370.07439 | L100: 440.85767 | M100: =(L100+N100)/2 -> 446.94372 | N100: 453.02977 | O100: 453.02977 | P100: 453.02977 | Q100: 491.24089 | R100: 504.45201 | S100: 517.66312 | T100: 530.87424 | U100: 487.75843 | V100: 444.64262 | W100: 401.52682 | X100: 320.81245 | Y100: 338.73885 | Z100: 324.83347 | AA100: ='Borough kWh'!R45 -> 329.73046
B101: Rail electric | N101: 2258.8046 | O101: 2258.8046 | P101: 2258.8046 | Q101: 2343.8996 | R101: 2348.6914 | S101: 2353.4831 | T101: 2358.2748 | U101: 2411.3283 | V101: 2464.3819 | W101: 2517.4354 | X101: 2206.7663 | Y101: 2241.1455 | Z101: 2264.7214 | AA101: ='Borough kWh'!S45 -> 2328.3467
B102: Road transport (electric) | V102: 57.190982 | W102: 79.181601 | X102: 155.95581 | Y102: 226.19378 | Z102: 399.6134 | AA102: ='Borough kWh'!U45 -> 615.50179
B103: Aviation | D103: 3453 | E103: 3145.9976 | F103: =(E103+G103)/2 -> 3776.9008 | G103: 4407.804 | H103: 4963.6349 | I103: 5606.3598 | J103: 5606.3598 | K103: =(J103+L103)/2 -> 5668.7528 | L103: 5731.1458 | M103: =(L103+N103)/2 -> 4616.3038 | N103: 3501.4618 | O103: 3501.4618 | P103: 3501.4618 | Q103: 3940.8872 | R103: 3992.432 | S103: 4043.9769 | T103: 4095.5217 | U103: 4059.8424 | V103: 4024.1631 | W103: 3988.4837 | X103: 1685.5829 | Y103: 1558.507 | Z103: 2832.9116 | AA103: ='Borough kWh'!P45 -> 3401.1872
B104: Shipping | D104: 51 | E104: 7.6820141 | F104: =(E104+G104)/2 -> 9.2225771 | G104: 10.76314 | H104: 10.763142 | I104: 10.870773 | J104: 10.820771 | K104: =(J104+L104)/2 -> 10.820771 | L104: 10.820771 | M104: =(L104+N104)/2 -> 43.670917 | N104: 76.521062 | O104: 76.521062 | P104: 76.521062 | Q104: 61.092844 | R104: 65.191829 | S104: 69.290814 | T104: 73.389798 | U104: 70.954415 | V104: 68.519032 | W104: 75.775847 | X104: 75.414493 | Y104: 13.388894 | Z104: 52.467998 | AA104: ='Borough kWh'!Q45 -> 90.399705
B105: SUB-TOTAL | D105: =SUM(D99:D104) -> 32518 | E105: =SUM(E99:E104) -> 31016.56 | F105: =SUM(F99:F104) -> 32829.618 | G105: =SUM(G99:G104) -> 34642.677 | H105: =SUM(H99:H104) -> 35269.645 | I105: =SUM(I99:I104) -> 35828.696 | J105: =SUM(J99:J104) -> 35840.376 | K105: =SUM(K99:K104) -> 35655.983 | ... AA105: =SUM(AA99:AA104) -> 32671.283
B106: TOTAL | C106: 160431 | D106: =D89+D97+D105 -> 169340.58 | E106: =E89+E97+E105 -> 171932.89 | F106: =F89+F97+F105 -> 166409.28 | G106: =G89+G97+G105 -> 160885.66 | H106: =H89+H97+H105 -> 162839.49 | I106: =I89+I97+I105 -> 170449.11 | J106: =J89+J97+J105 -> 168679.63 | K106: =K89+K97+K105 -> 165441.8 | ... AA106: =AA89+AA97+AA105 -> 126361.86

Sheet Borough kWh
A1: Borough Energy consumption - Building and Transport
A2: 2023
B4: Table B.1 Energy consumption by borough, 2023 (kWh)
B6: Total Energy Consumption | C6: Sector | W6: Grand Total
C7: Domestic | I7: Industrial and Commercial | P7: Transport
C8: Electricity | D8: Gas | E8: Coal | F8: Oil | G8: Bioenergy and waste* | H8: Total | I8: Electricity | J8: Electricity w/o transport | K8: Gas | L8: Coal | M8: Oil | N8: Bioenergy and waste* | O8: Total | P8: Aviation | Q8: Shipping | R8: Railways_Diesel | S8: Railways_Electric | T8: Road Transport - fossil fuels | U8: Road Transport - electric | V8: Total
B9: Year | C9: 2023 | D9: 2023 | E9: 2023 | F9: 2023 | G9: 2023 | I9: 2023 | J9: 2023 | K9: 2023 | L9: 2023 | M9: 2023 | N9: 2023 | P9: 2023 | Q9: 2023 | R9: 2023 | S9: 2023 | T9: 2023 | U9: 2023
B10: Barking and Dagenham | C10: ='I. Energy - Stationary'!F9 -> 2.4315867e+08 | D10: ='I. Energy - Stationary'!H9 -> 6.5140025e+08 | E10: ='I. Energy - Stationary'!J52 -> 11276408 | F10: ='I. Energy - Stationary'!K52 -> 2550489.1 | G10: ='I. Energy - Stationary'!L52 -> 29952706 | H10: =SUM(C10:G10) -> 9.3833853e+08 | I10: ='I. Energy - Stationary'!G9 -> 3.2202359e+08 | J10: =I10-S10-U10 -> 2.6164547e+08 | K10: ='I. Energy - Stationary'!I9 -> 2.2769581e+08 | L10: ='I. Energy - Stationary'!M52 -> 2902193.7 | M10: ='I. Energy - Stationary'!N52 -> 1.7161085e+08 | N10: ='I. Energy - Stationary'!O52 -> 9346576.2 | O10: =SUM(J10:N10) -> 6.732009e+08 | P10: ='II. Transport '!L9 -> 0 | Q10: ='II. Transport '!M9 -> 3896822.7 | R10: ='II. Transport '!J9 -> 10281527 | S10: ='II. Transport '!K9 -> 48222050 | T10: ='II. Transport '!S267 -> 5.5547099e+08 | U10: ='II. Transport '!AB267 -> 12156068 | V10: =SUM(P10:U10) -> 6.3002746e+08 | W10: =H10+O10+V10 -> 2.2415669e+09
B11: Barnet | C11: ='I. Energy - Stationary'!F10 -> 5.8630177e+08 | D11: ='I. Energy - Stationary'!H10 -> 1.8375564e+09 | E11: ='I. Energy - Stationary'!J53 -> 8631530.2 | F11: ='I. Energy - Stationary'!K53 -> 8375487.9 | G11: ='I. Energy - Stationary'!L53 -> 38851916 | H11: =SUM(C11:G11) -> 2.4797171e+09 | I11: ='I. Energy - Stationary'!G10 -> 4.5612902e+08 | J11: =I11-S11-U11 -> 3.2587592e+08 | K11: ='I. Energy - Stationary'!I10 -> 4.8047757e+08 | L11: ='I. Energy - Stationary'!M53 -> 6346528.5 | M11: ='I. Energy - Stationary'!N53 -> 3.3139295e+08 | N11: ='I. Energy - Stationary'!O53 -> 16434917 | O11: =SUM(J11:N11) -> 1.1605279e+09 | P11: ='II. Transport '!L10 -> 473086.03 | Q11: ='II. Transport '!M10 -> 0 | R11: ='II. Transport '!J10 -> 39301737 | S11: ='II. Transport '!K10 -> 1.0228222e+08 | T11: ='II. Transport '!S268 -> 1.3111452e+09 | U11: ='II. Transport '!AB268 -> 27970873 | V11: =SUM(P11:U11) -> 1.4811731e+09 | W11: =H11+O11+V11 -> 5.1214181e+09
B12: Bexley | C12: ='I. Energy - Stationary'!F11 -> 3.3636305e+08 | D12: ='I. Energy - Stationary'!H11 -> 1.0112982e+09 | E12: ='I. Energy - Stationary'!J54 -> 10381305 | F12: ='I. Energy - Stationary'!K54 -> 5904200.2 | G12: ='I. Energy - Stationary'!L54 -> 37702535 | H12: =SUM(C12:G12) -> 1.4016493e+09 | I12: ='I. Energy - Stationary'!G11 -> 3.9722515e+08 | J12: =I12-S12-U12 -> 3.4437365e+08 | K12: ='I. Energy - Stationary'!I11 -> 6.6332052e+08 | L12: ='I. Energy - Stationary'!M54 -> 6091027.7 | M12: ='I. Energy - Stationary'!N54 -> 1.0832232e+08 | N12: ='I. Energy - Stationary'!O54 -> 38686912 | O12: =SUM(J12:N12) -> 1.1607944e+09 | P12: ='II. Transport '!L11 -> 23379056 | Q12: ='II. Transport '!M11 -> 1769215.6 | R12: ='II. Transport '!J11 -> 4707938.6 | S12: ='II. Transport '!K11 -> 36884419 | T12: ='II. Transport '!S269 -> 7.587572e+08 | U12: ='II. Transport '!AB269 -> 15967084 | V12: =SUM(P12:U12) -> 8.4146492e+08 | W12: =H12+O12+V12 -> 3.4039087e+09
B13: Brent | C13: ='I. Energy - Stationary'!F12 -> 4.0279466e+08 | D13: ='I. Energy - Stationary'!H12 -> 1.2999263e+09 | E13: ='I. Energy - Stationary'!J55 -> 8982314.3 | F13: ='I. Energy - Stationary'!K55 -> 4883385.1 | G13: ='I. Energy - Stationary'!L55 -> 28815928 | H13: =SUM(C13:G13) -> 1.7454026e+09 | I13: ='I. Energy - Stationary'!G12 -> 7.1766426e+08 | J13: =I13-S13-U13 -> 5.8698083e+08 | K13: ='I. Energy - Stationary'!I12 -> 5.4852235e+08 | L13: ='I. Energy - Stationary'!M55 -> 7539603.8 | M13: ='I. Energy - Stationary'!N55 -> 1.8169678e+08 | N13: ='I. Energy - Stationary'!O55 -> 26035880 | O13: =SUM(J13:N13) -> 1.3507754e+09 | P13: ='II. Transport '!L12 -> 795739.37 | Q13: ='II. Transport '!M12 -> 0 | R13: ='II. Transport '!J12 -> 47170371 | S13: ='II. Transport '!K12 -> 1.119418e+08 | T13: ='II. Transport '!S270 -> 8.4251111e+08 | U13: ='II. Transport '!AB270 -> 18741632 | V13: =SUM(P13:U13) -> 1.0211607e+09 | W13: =H13+O13+V13 -> 4.1173387e+09
B14: Bromley | C14: ='I. Energy - Stationary'!F13 -> 4.9271451e+08 | D14: ='I. Energy - Stationary'!H13 -> 1.679766e+09 | E14: ='I. Energy - Stationary'!J56 -> 8546604 | F14: ='I. Energy - Stationary'!K56 -> 12924182 | G14: ='I. Energy - Stationary'!L56 -> 44204591 | H14: =SUM(C14:G14) -> 2.2381559e+09 | I14: ='I. Energy - Stationary'!G13 -> 3.5808497e+08 | J14: =I14-S14-U14 -> 2.6018379e+08 | K14: ='I. Energy - Stationary'!I13 -> 2.9366623e+08 | L14: ='I. Energy - Stationary'!M56 -> 3368202.1 | M14: ='I. Energy - Stationary'!N56 -> 1.2459416e+08 | N14: ='I. Energy - Stationary'!O56 -> 9288537.7 | O14: =SUM(J14:N14) -> 6.9110092e+08 | P14: ='II. Transport '!L13 -> 22968811 | Q14: ='II. Transport '!M13 -> 0 | R14: ='II. Transport '!J13 -> 5761664.9 | S14: ='II. Transport '!K13 -> 75626036 | T14: ='II. Transport '!S271 -> 1.0608225e+09 | U14: ='II. Transport '!AB271 -> 22275152 | V14: =SUM(P14:U14) -> 1.1874542e+09 | W14: =H14+O14+V14 -> 4.116711e+09
B15: Camden | C15: ='I. Energy - Stationary'!F14 -> 3.1778755e+08 | D15: ='I. Energy - Stationary'!H14 -> 7.9937166e+08 | E15: ='I. Energy - Stationary'!J57 -> 2143086.2 | F15: ='I. Energy - Stationary'!K57 -> 8142909.8 | G15: ='I. Energy - Stationary'!L57 -> 6070778.1 | H15: =SUM(C15:G15) -> 1.133516e+09 | I15: ='I. Energy - Stationary'!G14 -> 1.1513527e+09 | J15: =I15-S15-U15 -> 1.014374e+09 | K15: ='I. Energy - Stationary'!I14 -> 1.2923592e+09 | L15: ='I. Energy - Stationary'!M57 -> 6448478.1 | M15: ='I. Energy - Stationary'!N57 -> 6.2667415e+08 | N15: ='I. Energy - Stationary'!O57 -> 11383265 | O15: =SUM(J15:N15) -> 2.9512392e+09 | P15: ='II. Transport '!L14 -> 0 | Q15: ='II. Transport '!M14 -> 0 | R15: ='II. Transport '!J14 -> 47016888 | S15: ='II. Transport '!K14 -> 1.2218654e+08 | T15: ='II. Transport '!S272 -> 4.7525742e+08 | U15: ='II. Transport '!AB272 -> 14792071 | V15: =SUM(P15:U15) -> 6.5925292e+08 | W15: =H15+O15+V15 -> 4.7440081e+09
B16: City of London | C16: ='I. Energy - Stationary'!F15 -> 25579186 | D16: ='I. Energy - Stationary'!H15 -> 24092856 | E16: ='I. Energy - Stationary'!J58 -> 35426.036 | F16: ='I. Energy - Stationary'!K58 -> 293106.02 | G16: ='I. Energy - Stationary'!L58 -> 81249.443 | H16: =SUM(C16:G16) -> 50081824 | I16: ='I. Energy - Stationary'!G15 -> 1.5734407e+09 | J16: =I16-S16-U16 -> 1.5268344e+09 | K16: ='I. Energy - Stationary'!I15 -> 6.549078e+08 | L16: ='I. Energy - Stationary'!M58 -> 3872922 | M16: ='I. Energy - Stationary'!N58 -> 1.5322915e+08 | N16: ='I. Energy - Stationary'!O58 -> 6390979.7 | O16: =SUM(J16:N16) -> 2.3452353e+09 | P16: ='II. Transport '!L15 -> 829062.89 | Q16: ='II. Transport '!M15 -> 16385690 | R16: ='II. Transport '!J15 -> 32808.02 | S16: ='II. Transport '!K15 -> 39995269 | T16: ='II. Transport '!S273 -> 1.5420464e+08 | U16: ='II. Transport '!AB273 -> 6611010.9 | V16: =SUM(P16:U16) -> 2.1805848e+08 | W16: =H16+O16+V16 -> 2.6133756e+09
B17: Croydon | C17: ='I. Energy - Stationary'!F16 -> 5.4005014e+08 | D17: ='I. Energy - Stationary'!H16 -> 1.7271738e+09 | E17: ='I. Energy - Stationary'!J59 -> 14809139 | F17: ='I. Energy - Stationary'!K59 -> 8580262 | G17: ='I. Energy - Stationary'!L59 -> 52376010 | H17: =SUM(C17:G17) -> 2.3429893e+09 | I17: ='I. Energy - Stationary'!G16 -> 5.6540979e+08 | J17: =I17-S17-U17 -> 4.3757182e+08 | K17: ='I. Energy - Stationary'!I16 -> 4.3171691e+08 | L17: ='I. Energy - Stationary'!M59 -> 3302529.5 | M17: ='I. Energy - Stationary'!N59 -> 1.3483665e+08 | N17: ='I. Energy - Stationary'!O59 -> 9842243 | O17: =SUM(J17:N17) -> 1.0172702e+09 | P17: ='II. Transport '!L16 -> 1065532 | Q17: ='II. Transport '!M16 -> 0 | R17: ='II. Transport '!J16 -> 15009412 | S17: ='II. Transport '!K16 -> 1.0550465e+08 | T17: ='II. Transport '!S274 -> 1.0503644e+09 | U17: ='II. Transport '!AB274 -> 22333317 | V17: =SUM(P17:U17) -> 1.1942774e+09 | W17: =H17+O17+V17 -> 4.5545369e+09
B18: Ealing | C18: ='I. Energy - Stationary'!F17 -> 4.5366078e+08 | D18: ='I. Energy - Stationary'!H17 -> 1.4015725e+09 | E18: ='I. Energy - Stationary'!J60 -> 10315834 | F18: ='I. Energy - Stationary'!K60 -> 6122798.2 | G18: ='I. Energy - Stationary'!L60 -> 34518326 | H18: =SUM(C18:G18) -> 1.9061902e+09 | I18: ='I. Energy - Stationary'!G17 -> 9.0895353e+08 | J18: =I18-S18-U18 -> 7.8003226e+08 | K18: ='I. Energy - Stationary'!I17 -> 6.1999997e+08 | L18: ='I. Energy - Stationary'!M60 -> 9882170.7 | M18: ='I. Energy - Stationary'!N60 -> 2.7482888e+08 | N18: ='I. Energy - Stationary'!O60 -> 23203776 | O18: =SUM(J18:N18) -> 1.7079471e+09 | P18: ='II. Transport '!L17 -> 0 | Q18: ='II. Transport '!M17 -> 0 | R18: ='II. Transport '!J17 -> 17166640 | S18: ='II. Transport '!K17 -> 1.053774e+08 | T18: ='II. Transport '!S275 -> 1.0785477e+09 | U18: ='II. Transport '!AB275 -> 23543875 | V18: =SUM(P18:U18) -> 1.2246356e+09 | W18: =H18+O18+V18 -> 4.8387728e+09
B19: Enfield | C19: ='I. Energy - Stationary'!F18 -> 4.3739469e+08 | D19: ='I. Energy - Stationary'!H18 -> 1.318932e+09 | E19: ='I. Energy - Stationary'!J61 -> 12362140 | F19: ='I. Energy - Stationary'!K61 -> 5975865.6 | G19: ='I. Energy - Stationary'!L61 -> 38553029 | H19: =SUM(C19:G19) -> 1.8132177e+09 | I19: ='I. Energy - Stationary'!G18 -> 4.7918177e+08 | J19: =I19-S19-U19 -> 4.2217978e+08 | K19: ='I. Energy - Stationary'!I18 -> 4.694102e+08 | L19: ='I. Energy - Stationary'!M61 -> 13955225 | M19: ='I. Energy - Stationary'!N61 -> 1.5186405e+08 | N19: ='I. Energy - Stationary'!O61 -> 14804748 | O19: =SUM(J19:N19) -> 1.072214e+09 | P19: ='II. Transport '!L18 -> 814055.87 | Q19: ='II. Transport '!M18 -> 0 | R19: ='II. Transport '!J18 -> 4795865.6 | S19: ='II. Transport '!K18 -> 30339834 | T19: ='II. Transport '!S276 -> 1.525677e+09 | U19: ='II. Transport '!AB276 -> 26662162 | V19: =SUM(P19:U19) -> 1.5882889e+09 | W19: =H19+O19+V19 -> 4.4737206e+09
B20: Greenwich | C20: ='I. Energy - Stationary'!F19 -> 3.5199313e+08 | D20: ='I. Energy - Stationary'!H19 -> 9.5279921e+08 | E20: ='I. Energy - Stationary'!J62 -> 9748368.1 | F20: ='I. Energy - Stationary'!K62 -> 4544905.8 | G20: ='I. Energy - Stationary'!L62 -> 31075548 | H20: =SUM(C20:G20) -> 1.3501612e+09 | I20: ='I. Energy - Stationary'!G19 -> 4.3120639e+08 | J20: =I20-S20-U20 -> 3.5662894e+08 | K20: ='I. Energy - Stationary'!I19 -> 4.9725143e+08 | L20: ='I. Energy - Stationary'!M62 -> 4277268.5 | M20: ='I. Energy - Stationary'!N62 -> 3.2217643e+08 | N20: ='I. Energy - Stationary'!O62 -> 15699831 | O20: =SUM(J20:N20) -> 1.1960339e+09 | P20: ='II. Transport '!L19 -> 12504503 | Q20: ='II. Transport '!M19 -> 7651974.6 | R20: ='II. Transport '!J19 -> 3043080.5 | S20: ='II. Transport '!K19 -> 51284412 | T20: ='II. Transport '!S277 -> 9.6787059e+08 | U20: ='II. Transport '!AB277 -> 23293039 | V20: =SUM(P20:U20) -> 1.0656476e+09 | W20: =H20+O20+V20 -> 3.6118426e+09
B21: Hackney | C21: ='I. Energy - Stationary'!F20 -> 3.2778177e+08 | D21: ='I. Energy - Stationary'!H20 -> 8.152399e+08 | E21: ='I. Energy - Stationary'!J63 -> 3513485.2 | F21: ='I. Energy - Stationary'!K63 -> 2663991.6 | G21: ='I. Energy - Stationary'!L63 -> 8483353 | H21: =SUM(C21:G21) -> 1.1576825e+09 | I21: ='I. Energy - Stationary'!G20 -> 5.2355552e+08 | J21: =I21-S21-U21 -> 4.7816486e+08 | K21: ='I. Energy - Stationary'!I20 -> 3.5430344e+08 | L21: ='I. Energy - Stationary'!M63 -> 3551756.2 | M21: ='I. Energy - Stationary'!N63 -> 2.1997483e+08 | N21: ='I. Energy - Stationary'!O63 -> 6769783 | O21: =SUM(J21:N21) -> 1.0627647e+09 | P21: ='II. Transport '!L20 -> 0 | Q21: ='II. Transport '!M20 -> 0 | R21: ='II. Transport '!J20 -> 6565691.6 | S21: ='II. Transport '!K20 -> 33177633 | T21: ='II. Transport '!S278 -> 4.5563955e+08 | U21: ='II. Transport '!AB278 -> 12213022 | V21: =SUM(P21:U21) -> 5.075959e+08 | W21: =H21+O21+V21 -> 2.7280431e+09
... B42: Westminster | C42: ='I. Energy - Stationary'!F41 -> 4.5259893e+08 | D42: ='I. Energy - Stationary'!H41 -> 8.2004419e+08 | E42: ='I. Energy - Stationary'!J84 -> 2559806.3 | F42: ='I. Energy - Stationary'!K84 -> 10118474 | G42: ='I. Energy - Stationary'!L84 -> 6132693.5 | H42: =SUM(C42:G42) -> 1.2914541e+09 | I42: ='I. Energy - Stationary'!G41 -> 2.7487452e+09 | J42: =I42-S42-U42 -> 2.5724346e+09 | K42: ='I. Energy - Stationary'!I41 -> 2.0915073e+09 | L42: ='I. Energy - Stationary'!M84 -> 7235374.2 | M42: ='I. Energy - Stationary'!N84 -> 9.4302344e+08 | N42: ='I. Energy - Stationary'!O84 -> 10129111 | O42: =SUM(J42:N42) -> 5.6243298e+09 | P42: ='II. Transport '!L41 -> 0 | Q42: ='II. Transport '!M41 -> 11015048 | R42: ='II. Transport '!J41 -> 5413523.1 | S42: ='II. Transport '!K41 -> 1.4550898e+08 | T42: ='II. Transport '!S299 -> 7.5755602e+08 | U42: ='II. Transport '!AB299 -> 30801567 | V42: =SUM(P42:U42) -> 9.5029514e+08 | W42: =H42+O42+V42 -> 7.8660791e+09
B43: Unapportioned | J43: =I43-S43-U43 -> 0 | K43: ='I. Energy - Stationary'!I42 -> 53232658 | O43: =SUM(J43:N43) -> 53232658 | V43: =SUM(P43:U43) -> 0 | W43: =H43+O43+V43 -> 53232658
B44: Grand Total (kWh) | C44: =SUM(C10:C42) -> 1.1900129e+10 | D44: =SUM(D10:D42) -> 3.373898e+10 | E44: =SUM(E10:E42) -> 2.4309185e+08 | F44: =SUM(F10:F42) -> 1.7895936e+08 | G44: =SUM(G10:G42) -> 8.1564785e+08 | H44: =SUM(H10:H42) -> 4.6876808e+10 | I44: =SUM(I10:I42) -> 2.2741699e+10 | J44: =SUM(J10:J43) -> 1.9797851e+10 | K44: =SUM(K10:K43) -> 1.8272421e+10 | L44: =SUM(L10:L42) -> 1.6776985e+08 | M44: =SUM(M10:M42) -> 7.9764683e+09 | N44: =SUM(N10:N42) -> 5.9926311e+08 | O44: =SUM(O10:O43) -> 4.6813773e+10 | P44: =SUM(P10:P42) -> 3.4011872e+09 | Q44: =SUM(Q10:Q42) -> 90399705 | R44: =SUM(R10:R42) -> 3.2973046e+08 | S44: =SUM(S10:S42) -> 2.3283467e+09 | T44: =SUM(T10:T42) -> 2.5906117e+10 | U44: =SUM(U10:U42) -> 6.1550179e+08 | V44: =SUM(V10:V43) -> 3.2671283e+10 | W44: =H44+O44+V44 -> 1.2636186e+11
B45: Grand Total (GWh) | C45: =C44/1000000 -> 11900.129 | D45: =D44/1000000 -> 33738.98 | E45: =E44/1000000 -> 243.09185 | F45: =F44/1000000 -> 178.95936 | G45: =G44/1000000 -> 815.64785 | H45: =H44/1000000 -> 46876.808 | I45: =I44/1000000 -> 22741.699 | J45: =J44/1000000 -> 19797.851 | ... N45: =N44/1000000 -> 599.26311 | O45: =SUM(J45:N45) -> 46813.773 | P45: =P44/1000000 -> 3401.1872 | Q45: =Q44/1000000 -> 90.399705 | R45: =R44/1000000 -> 329.73046 | S45: =S44/1000000 -> 2328.3467 | T45: =T44/1000000 -> 25906.117 | U45: =U44/1000000 -> 615.50179 | V45: =V44/1000000 -> 32671.283 | W45: =H45+O45+V45 -> 126361.86
B47: *Not grid connected

Sheet Borough GHG
A1: Borough GHG emissions - Building and Transport
A2: 2023
B4: Table B.2 Greenhouse gas emissions by borough, 2023 (ktCO2e)
C6: Sector | AE6: Grand Total
C7: Domestic | I7: Industrial and Commercial | P7: Transport | W7: NRMM | AA7: IPPU | AB7: AFOLU | AC7: Waste | AD7: Fugitive emissions
C8: Electricity | D8: Gas | E8: Coal | F8: Oil | G8: Bioenergy and waste* | H8: Total | I8: Electricity | J8: Electricity w/o rail & RT | K8: Gas | L8: Coal | M8: Oil | N8: Bioenergy and waste* | O8: Total | P8: Aviation | Q8: Shipping | R8: Railways diesel | S8: Railways electric | T8: Road transport - fossil fuels | U8: Road transport - electric | V8: Total | W8: Manufacturing industries | X8: Construction | Y8: Ground activities - aviation | Z8: Total
B9: Year | C9: 2023 | D9: 2023 | E9: 2023 | F9: 2023 | G9: 2023 | I9: 2023 | J9: 2023 | K9: 2023 | L9: 2023 | M9: 2023 | N9: 2023 | P9: 2023 | Q9: 2023 | R9: 2023 | S9: 2023 | T9: 2023 | U9: 2023 | W9: 2022** | X9: 2022** | Y9: 2023 | AA9: 2023 | AB9: 2022 | AC9: 2023 | AD9: 2023 | AE9: =RIGHT($C$4,4)
B10: Barking and Dagenham | C10: ='Borough kWh'!C10*(EF_GHG_ElectGen+EF_GHG_ElectTD)/1000000 -> 47.547247 | D10: ='Borough kWh'!D10*EF_GHG_NatGas_DCI/1000000 -> 119.18019 | E10: ='Borough kWh'!E10*EF_GHG_Coal_DCI/1000000 -> 3.9152817 | F10: ='Borough kWh'!F10*EF_GHG_GasOil/1000000 -> 0.65420046 | G10: ='Borough kWh'!G10*EF_GHG_W_R_IC/1000000 -> 4.1547868 | H10: =SUM(C10:G10) -> 175.45171 | I10: ='Borough kWh'!I10*(EF_GHG_ElectGen+EF_GHG_ElectTD)/1000000 -> 62.968493 | J10: ='Borough kWh'!J10*(EF_GHG_ElectGen+EF_GHG_ElectTD)/1000000 -> 51.162156 | K10: ='Borough kWh'!K10*EF_GHG_NatGas_DCI/1000000 -> 41.659225 | L10: ='Borough kWh'!L10*EF_GHG_Coal_DCI/1000000 -> 1.0076707 | M10: ='Borough kWh'!M10*EF_GHG_GasOil/1000000 -> 44.018182 | N10: ='Borough kWh'!N10*EF_GHG_W_R_IC/1000000 -> 1.2964782 | O10: =SUM(J10:N10) -> 139.14371 | P10: ='II. Transport '!G9/1000-Y10 -> 0 | Q10: ='II. Transport '!H9/1000 -> 2.5921492 | R10: ='II. Transport '!E9/1000 -> 2.6371667 | S10: ='II. Transport '!F9/1000 -> 9.4293397 | T10: ='II. Transport '!O227/1000 -> 142.71902 | U10: ='II. Transport '!AA227/1000 -> 2.3769976 | V10: =SUM(P10:U10) -> 159.75468 | W10: ='II. Transport '!T9/1000 -> 0.64300978 | X10: ='II. Transport '!U9/1000 -> 1.9980312 | Y10: =('II. Transport '!F95+'II. Transport '!G95+'II. Transport '!K95+'II. Transport '!L95)/1000 -> 0 | Z10: =SUM(W10:Y10) -> 2.641041 | AE10: =H10+O10+V10+Z10+AC10 -> 476.99114
B11: Barnet | C11: ='Borough kWh'!C11*(EF_GHG_ElectGen+EF_GHG_ElectTD)/1000000 -> 114.64545 | D11: ='Borough kWh'!D11*EF_GHG_NatGas_DCI/1000000 -> 336.19932 | E11: ='Borough kWh'!E11*EF_GHG_Coal_DCI/1000000 -> 2.9969536 | F11: ='Borough kWh'!F11*EF_GHG_GasOil/1000000 -> 2.1483126 | G11: ='Borough kWh'!G11*EF_GHG_W_R_IC/1000000 -> 5.3892103 | H11: =SUM(C11:G11) -> 461.37925 | I11: ='Borough kWh'!I11*(EF_GHG_ElectGen+EF_GHG_ElectTD)/1000000 -> 89.191468 | J11: ='Borough kWh'!J11*(EF_GHG_ElectGen+EF_GHG_ElectTD)/1000000 -> 63.721778 | K11: ='Borough kWh'!K11*EF_GHG_NatGas_DCI/1000000 -> 87.908175 | L11: ='Borough kWh'!L11*EF_GHG_Coal_DCI/1000000 -> 2.2035782 | M11: ='Borough kWh'!M11*EF_GHG_GasOil/1000000 -> 85.002292 | N11: ='Borough kWh'!N11*EF_GHG_W_R_IC/1000000 -> 2.2797131 | O11: =SUM(J11:N11) -> 241.11554 | P11: ='II. Transport '!G10/1000-Y11 -> 0.11619417 | Q11: ='II. Transport '!H10/1000 -> 0 | R11: ='II. Transport '!E10/1000 -> 10.081621 | S11: ='II. Transport '!F10/1000 -> 20.000265 | T11: ='II. Transport '!O228/1000 -> 336.27297 | U11: ='II. Transport '!AA228/1000 -> 5.4694245 | V11: =SUM(P11:U11) -> 371.94048 | W11: ='II. Transport '!T10/1000 -> 0.50874662 | X11: ='II. Transport '!U10/1000 -> 13.866051 | Y11: =('II. Transport '!F96+'II. Transport '!G96+'II. Transport '!K96+'II. Transport '!L96)/1000 -> 0 | Z11: =(SUM(W11:Y11)) -> 14.374797 | AE11: =H11+O11+V11+Z11+AC11 -> 1088.8101
B12: Bexley | C12: ='Borough kWh'!C12*(EF_GHG_ElectGen+EF_GHG_ElectTD)/1000000 -> 65.772431 | D12: ='Borough kWh'!D12*EF_GHG_NatGas_DCI/1000000 -> 185.02712 | E12: ='Borough kWh'!E12*EF_GHG_Coal_DCI/1000000 -> 3.6044928 | F12: ='Borough kWh'!F12*EF_GHG_GasOil/1000000 -> 1.5144274 | G12: ='Borough kWh'!G12*EF_GHG_W_R_IC/1000000 -> 5.2297778 | H12: =SUM(C12:G12) -> 261.14825 | I12: ='Borough kWh'!I12*(EF_GHG_ElectGen+EF_GHG_ElectTD)/1000000 -> 77.673406 | J12: ='Borough kWh'!J12*(EF_GHG_ElectGen+EF_GHG_ElectTD)/1000000 -> 67.338823 | K12: ='Borough kWh'!K12*EF_GHG_NatGas_DCI/1000000 -> 121.36112 | L12: ='Borough kWh'!L12*EF_GHG_Coal_DCI/1000000 -> 2.1148657 | M12: ='Borough kWh'!M12*EF_GHG_GasOil/1000000 -> 27.784675 | N12: ='Borough kWh'!N12*EF_GHG_W_R_IC/1000000 -> 5.3663223 | O12: =SUM(J12:N12) -> 223.96581 | P12: ='II. Transport '!G11/1000-Y12 -> 5.7374735 | Q12: ='II. Transport '!H11/1000 -> 1.1875295 | R12: ='II. Transport '!E11/1000 -> 1.2089516 | S12: ='II. Transport '!F11/1000 -> 7.2123793 | T12: ='II. Transport '!O229/1000 -> 194.69885 | U12: ='II. Transport '!AA229/1000 -> 3.1222036 | V12: =SUM(P12:U12) -> 213.16739 | W12: ='II. Transport '!T11/1000 -> 0.48912059 | X12: ='II. Transport '!U11/1000 -> 3.4807463 | Y12: =('II. Transport '!F97+'II. Transport '!G97+'II. Transport '!K97+'II. Transport '!L97)/1000 -> 0 | Z12: =(SUM(W12:Y12)) -> 3.9698668 | AE12: =H12+O12+V12+Z12+AC12 -> 702.25132
B13: Brent | C13: ='Borough kWh'!C13*(EF_GHG_ElectGen+EF_GHG_ElectTD)/1000000 -> 78.762468 | D13: ='Borough kWh'!D13*EF_GHG_NatGas_DCI/1000000 -> 237.83451 | E13: ='Borough kWh'!E13*EF_GHG_Coal_DCI/1000000 -> 3.1187494 | F13: ='Borough kWh'!F13*EF_GHG_GasOil/1000000 -> 1.2525883 | G13: ='Borough kWh'!G13*EF_GHG_W_R_IC/1000000 -> 3.9971026 | H13: =SUM(C13:G13) -> 324.96542 | I13: ='Borough kWh'!I13*(EF_GHG_ElectGen+EF_GHG_ElectTD)/1000000 -> 140.33207 | J13: ='Borough kWh'!J13*(EF_GHG_ElectGen+EF_GHG_ElectTD)/1000000 -> 114.77823 | K13: ='Borough kWh'!K13*EF_GHG_NatGas_DCI/1000000 -> 100.35765 | L13: ='Borough kWh'!L13*EF_GHG_Coal_DCI/1000000 -> 2.6178258 | M13: ='Borough kWh'!M13*EF_GHG_GasOil/1000000 -> 46.605225 | N13: ='Borough kWh'!N13*EF_GHG_W_R_IC/1000000 -> 3.6114777 | O13: =SUM(J13:N13) -> 267.97041 | P13: ='II. Transport '!G12/1000-Y13 -> 0.19534923 | Q13: ='II. Transport '!H12/1000 -> 0 | R13: ='II. Transport '!E12/1000 -> 12.104216 | S13: ='II. Transport '!F12/1000 -> 21.8891 | T13: ='II. Transport '!O230/1000 -> 216.30288 | U13: ='II. Transport '!AA230/1000 -> 3.6647387 | V13: =SUM(P13:U13) -> 254.15628 | W13: ='II. Transport '!T12/1000 -> 0.99829727 | X13: ='II. Transport '!U12/1000 -> 13.208565 | Y13: =('II. Transport '!F98+'II. Transport '!G98+'II. Transport '!K98+'II. Transport '!L98)/1000 -> 0 | Z13: =(SUM(W13:Y13)) -> 14.206863 | AE13: =H13+O13+V13+Z13+AC13 -> 861.29897
B14: Bromley | C14: ='Borough kWh'!C14*(EF_GHG_ElectGen+EF_GHG_ElectTD)/1000000 -> 96.345396 | D14: ='Borough kWh'!D14*EF_GHG_NatGas_DCI/1000000 -> 307.32998 | E14: ='Borough kWh'!E14*EF_GHG_Coal_DCI/1000000 -> 2.9674664 | F14: ='Borough kWh'!F14*EF_GHG_GasOil/1000000 -> 3.3150526 | G14: ='Borough kWh'!G14*EF_GHG_W_R_IC/1000000 -> 6.1316881 | H14: =SUM(C14:G14) -> 416.08959 | I14: ='Borough kWh'!I14*(EF_GHG_ElectGen+EF_GHG_ElectTD)/1000000 -> 70.019936 | J14: ='Borough kWh'!J14*(EF_GHG_ElectGen+EF_GHG_ElectTD)/1000000 -> 50.876338 | K14: ='Borough kWh'!K14*EF_GHG_NatGas_DCI/1000000 -> 53.729173 | L14: ='Borough kWh'!L14*EF_GHG_Coal_DCI/1000000 -> 1.1694735 | M14: ='Borough kWh'!M14*EF_GHG_GasOil/1000000 -> 31.958403 | N14: ='Borough kWh'!N14*EF_GHG_W_R_IC/1000000 -> 1.2884276 | O14: =SUM(J14:N14) -> 139.02181 | P14: ='II. Transport '!G13/1000-Y14 -> 5.6540629 | Q14: ='II. Transport '!H13/1000 -> 0 | R14: ='II. Transport '!E13/1000 -> 1.4792363 | S14: ='II. Transport '!F13/1000 -> 14.787915 | T14: ='II. Transport '!O231/1000 -> 272.16389 | U14: ='II. Transport '!AA231/1000 -> 4.3556833 | V14: =SUM(P14:U14) -> 298.44079 | W14: ='II. Transport '!T13/1000 -> 0.30421171 | X14: ='II. Transport '!U13/1000 -> 2.4699009 | Y14: =('II. Transport '!F99+'II. Transport '!G99+'II. Transport '!K99+'II. Transport '!L99)/1000 -> 0 | Z14: =(SUM(W14:Y14)) -> 2.7741126 | AE14: =H14+O14+V14+Z14+AC14 -> 856.3263
B15: Camden | C15: ='Borough kWh'!C15*(EF_GHG_ElectGen+EF_GHG_ElectTD)/1000000 -> 62.140177 | D15: ='Borough kWh'!D15*EF_GHG_NatGas_DCI/1000000 -> 146.25304 | E15: ='Borough kWh'!E15*EF_GHG_Coal_DCI/1000000 -> 0.74410096 | F15: ='Borough kWh'!F15*EF_GHG_GasOil/1000000 -> 2.0886564 | G15: ='Borough kWh'!G15*EF_GHG_W_R_IC/1000000 -> 0.84208715 | H15: =SUM(C15:G15) -> 212.06806 | I15: ='Borough kWh'!I15*(EF_GHG_ElectGen+EF_GHG_ElectTD)/1000000 -> 225.1355 | J15: ='Borough kWh'!J15*(EF_GHG_ElectGen+EF_GHG_ElectTD)/1000000 -> 198.3507 | K15: ='Borough kWh'!K15*EF_GHG_NatGas_DCI/1000000 -> 236.45004 | L15: ='Borough kWh'!L15*EF_GHG_Coal_DCI/1000000 -> 2.2389761 | M15: ='Borough kWh'!M15*EF_GHG_GasOil/1000000 -> 160.74192 | N15: ='Borough kWh'!N15*EF_GHG_W_R_IC/1000000 -> 1.5789906 | O15: =SUM(J15:N15) -> 599.36063 | P15: ='II. Transport '!G14/1000-Y15 -> 0 | Q15: ='II. Transport '!H14/1000 -> 0 | R15: ='II. Transport '!E14/1000 -> 12.062942 | S15: ='II. Transport '!F14/1000 -> 23.892357 | T15: ='II. Transport '!O232/1000 -> 121.6665 | U15: ='II. Transport '!AA232/1000 -> 2.8924416 | V15: =SUM(P15:U15) -> 160.51424 | W15: ='II. Transport '!T14/1000 -> 1.2431013 | X15: ='II. Transport '!U14/1000 -> 66.101336 | Y15: =('II. Transport '!F100+'II. Transport '!G100+'II. Transport '!K100+'II. Transport '!L100)/1000 -> 0 | Z15: =(SUM(W15:Y15)) -> 67.344438 | AE15: =H15+O15+V15+Z15+AC15 -> 1039.2874
B16: City of London | C16: ='Borough kWh'!C16*(EF_GHG_ElectGen+EF_GHG_ElectTD)/1000000 -> 5.001754 | D16: ='Borough kWh'!D16*EF_GHG_NatGas_DCI/1000000 -> 4.408029 | E16: ='Borough kWh'!E16*EF_GHG_Coal_DCI/1000000 -> 0.012300274 | F16: ='Borough kWh'!F16*EF_GHG_GasOil/1000000 -> 0.075181695 | G16: ='Borough kWh'!G16*EF_GHG_W_R_IC/1000000 -> 0.011270238 | H16: =SUM(C16:G16) -> 9.5085352 | I16: ='Borough kWh'!I16*(EF_GHG_ElectGen+EF_GHG_ElectTD)/1000000 -> 307.67059 | J16: ='Borough kWh'!J16*(EF_GHG_ElectGen+EF_GHG_ElectTD)/1000000 -> 298.5572 | K16: ='Borough kWh'!K16*EF_GHG_NatGas_DCI/1000000 -> 119.82193 | L16: ='Borough kWh'!L16*EF_GHG_Coal_DCI/1000000 -> 1.3447173 | M16: ='Borough kWh'!M16*EF_GHG_GasOil/1000000 -> 39.303278 | N16: ='Borough kWh'!N16*EF_GHG_W_R_IC/1000000 -> 0.88650282 | O16: =SUM(J16:N16) -> 459.91363 | P16: ='II. Transport '!G15/1000-Y16 -> 0.20351953 | Q16: ='II. Transport '!H15/1000 -> 10.333671 | R16: ='II. Transport '!E15/1000 -> 0.0084247714 | S16: ='II. Transport '!F15/1000 -> 7.820675 | T16: ='II. Transport '!O233/1000 -> 39.488597 | U16: ='II. Transport '!AA233/1000 -> 1.2927171 | V16: =SUM(P16:U16) -> 59.147604 | W16: ='II. Transport '!T15/1000 -> 0.66633498 | X16: ='II. Transport '!U15/1000 -> 2.0789932 | Y16: =('II. Transport '!F101+'II. Transport '!G101+'II. Transport '!K101+'II. Transport '!L101)/1000 -> 0 | Z16: =(SUM(W16:Y16)) -> 2.7453282 | AE16: =H16+O16+V16+Z16+AC16 -> 531.3151
B17: Croydon | C17: ='Borough kWh'!C17*(EF_GHG_ElectGen+EF_GHG_ElectTD)/1000000 -> 105.6014 | D17: ='Borough kWh'!D17*EF_GHG_NatGas_DCI/1000000 -> 316.00372 | E17: ='Borough kWh'!E17*EF_GHG_Coal_DCI/1000000 -> 5.1418813 | F17: ='Borough kWh'!F17*EF_GHG_GasOil/1000000 -> 2.2008372 | G17: ='Borough kWh'!G17*EF_GHG_W_R_IC/1000000 -> 7.2651585 | H17: =SUM(C17:G17) -> 436.213 | I17: ='Borough kWh'!I17*(EF_GHG_ElectGen+EF_GHG_ElectTD)/1000000 -> 110.56023 | J17: ='Borough kWh'!J17*(EF_GHG_ElectGen+EF_GHG_ElectTD)/1000000 -> 85.562795 | K17: ='Borough kWh'!K17*EF_GHG_NatGas_DCI/1000000 -> 78.986925 | L17: ='Borough kWh'!L17*EF_GHG_Coal_DCI/1000000 -> 1.1466713 | M17: ='Borough kWh'!M17*EF_GHG_GasOil/1000000 -> 34.585601 | N17: ='Borough kWh'!N17*EF_GHG_W_R_IC/1000000 -> 1.365233 | O17: =SUM(J17:N17) -> 201.64722 | P17: ='II. Transport '!G16/1000-Y17 -> 0.2614797 | Q17: ='II. Transport '!H16/1000 -> 0 | R17: ='II. Transport '!E16/1000 -> 3.8515303 | S17: ='II. Transport '!F16/1000 -> 20.630379 | T17: ='II. Transport '!O234/1000 -> 269.58936 | U17: ='II. Transport '!AA234/1000 -> 4.3670568 | V17: =SUM(P17:U17) -> 298.69981 | W17: ='II. Transport '!T16/1000 -> 0.17657062 | X17: ='II. Transport '!U16/1000 -> 13.521726 | Y17: =('II. Transport '!F102+'II. Transport '!G102+'II. Transport '!K102+'II. Transport '!L102)/1000 -> 0 | Z17: =(SUM(W17:Y17)) -> 13.698296 | AE17: =H17+O17+V17+Z17+AC17 -> 950.25833
B18: Ealing | C18: ='Borough kWh'!C18*(EF_GHG_ElectGen+EF_GHG_ElectTD)/1000000 -> 88.708829 | D18: ='Borough kWh'!D18*EF_GHG_NatGas_DCI/1000000 -> 256.4317 | E18: ='Borough kWh'!E18*EF_GHG_Coal_DCI/1000000 -> 3.5817606 | F18: ='Borough kWh'!F18*EF_GHG_GasOil/1000000 -> 1.5704978 | G18: ='Borough kWh'!G18*EF_GHG_W_R_IC/1000000 -> 4.7880912 | H18: =SUM(C18:G18) -> 355.08088 | I18: ='Borough kWh'!I18*(EF_GHG_ElectGen+EF_GHG_ElectTD)/1000000 -> 177.73677 | J18: ='Borough kWh'!J18*(EF_GHG_ElectGen+EF_GHG_ElectTD)/1000000 -> 152.52751 | K18: ='Borough kWh'!K18*EF_GHG_NatGas_DCI/1000000 -> 113.43519 | L18: ='Borough kWh'!L18*EF_GHG_Coal_DCI/1000000 -> 3.4311885 | M18: ='Borough kWh'!M18*EF_GHG_GasOil/1000000 -> 70.493608 | N18: ='Borough kWh'!N18*EF_GHG_W_R_IC/1000000 -> 3.2186322 | O18: =SUM(J18:N18) -> 343.10613 | P18: ='II. Transport '!G17/1000-Y18 -> 0 | Q18: ='II. Transport '!H17/1000 -> 0 | R18: ='II. Transport '!E17/1000 -> 4.4069736 | S18: ='II. Transport '!F17/1000 -> 20.605496 | T18: ='II. Transport '!O235/1000 -> 276.85205 | U18: ='II. Transport '!AA235/1000 -> 4.6037693 | V18: =SUM(P18:U18) -> 306.46828 | W18: ='II. Transport '!T17/1000 -> 0.70290515 | X18: ='II. Transport '!U17/1000 -> 20.211419 | Y18: =('II. Transport '!F103+'II. Transport '!G103+'II. Transport '!K103+'II. Transport '!L103)/1000 -> 0 | Z18: =(SUM(W18:Y18)) -> 20.914324 | AE18: =H18+O18+V18+Z18+AC18 -> 1025.5696
B19: Enfield | C19: ='Borough kWh'!C19*(EF_GHG_ElectGen+EF_GHG_ElectTD)/1000000 -> 85.528158 | D19: ='Borough kWh'!D19*EF_GHG_NatGas_DCI/1000000 -> 241.3118 | E19: ='Borough kWh'!E19*EF_GHG_Coal_DCI/1000000 -> 4.2922586 | F19: ='Borough kWh'!F19*EF_GHG_GasOil/1000000 -> 1.5328095 | G19: ='Borough kWh'!G19*EF_GHG_W_R_IC/1000000 -> 5.3477511 | H19: =SUM(C19:G19) -> 338.01278 | I19: ='Borough kWh'!I19*(EF_GHG_ElectGen+EF_GHG_ElectTD)/1000000 -> 93.699203 | J19: ='Borough kWh'!J19*(EF_GHG_ElectGen+EF_GHG_ElectTD)/1000000 -> 82.553033 | K19: ='Borough kWh'!K19*EF_GHG_NatGas_DCI/1000000 -> 85.883291 | L19: ='Borough kWh'!L19*EF_GHG_Coal_DCI/1000000 -> 4.8453938 | M19: ='Borough kWh'!M19*EF_GHG_GasOil/1000000 -> 38.95313 | N19: ='Borough kWh'!N19*EF_GHG_W_R_IC/1000000 -> 2.0535898 | O19: =SUM(J19:N19) -> 214.28844 | P19: ='II. Transport '!G18/1000-Y19 -> 0.20045596 | Q19: ='II. Transport '!H18/1000 -> 0 | R19: ='II. Transport '!E18/1000 -> 1.2313567 | S19: ='II. Transport '!F18/1000 -> 5.9326511 | T19: ='II. Transport '!O236/1000 -> 392.41619 | U19: ='II. Transport '!AA236/1000 -> 5.2135191 | V19: =SUM(P19:U19) -> 404.99417 | W19: ='II. Transport '!T18/1000 -> 0.7730101 | X19: ='II. Transport '!U18/1000 -> 13.352638 | Y19: =('II. Transport '!F104+'II. Transport '!G104+'II. Transport '!K104+'II. Transport '!L104)/1000 -> 0 | Z19: =(SUM(W19:Y19)) -> 14.125648 | AE19: =H19+O19+V19+Z19+AC19 -> 971.42103
B20: Greenwich | C20: ='Borough kWh'!C20*(EF_GHG_ElectGen+EF_GHG_ElectTD)/1000000 -> 68.828736 | D20: ='Borough kWh'!D20*EF_GHG_NatGas_DCI/1000000 -> 174.32414 | E20: ='Borough kWh'!E20*EF_GHG_Coal_DCI/1000000 -> 3.3847309 | F20: ='Borough kWh'!F20*EF_GHG_GasOil/1000000 -> 1.1657683 | G20: ='Borough kWh'!G20*EF_GHG_W_R_IC/1000000 -> 4.310538 | H20: =SUM(C20:G20) -> 252.01392 | I20: ='Borough kWh'!I20*(EF_GHG_ElectGen+EF_GHG_ElectTD)/1000000 -> 84.318097 | J20: ='Borough kWh'!J20*(EF_GHG_ElectGen+EF_GHG_ElectTD)/1000000 -> 69.735223 | K20: ='Borough kWh'!K20*EF_GHG_NatGas_DCI/1000000 -> 90.977121 | L20: ='Borough kWh'!L20*EF_GHG_Coal_DCI/1000000 -> 1.4851104 | M20: ='Borough kWh'!M20*EF_GHG_GasOil/1000000 -> 82.638253 | N20: ='Borough kWh'!N20*EF_GHG_W_R_IC/1000000 -> 2.1777481 | O20: =SUM(J20:N20) -> 247.01346 | P20: ='II. Transport '!G19/1000-Y20 -> 3.0691226 | Q20: ='II. Transport '!H19/1000 -> 5.0199105 | R20: ='II. Transport '!E19/1000 -> 0.78143264 | S20: ='II. Transport '!F19/1000 -> 10.028154 | T20: ='II. Transport '!O237/1000 -> 248.41007 | U20: ='II. Transport '!AA237/1000 -> 4.5547208 | V20: =SUM(P20:U20) -> 271.86341 | W20: ='II. Transport '!T19/1000 -> 0.48605842 | X20: ='II. Transport '!U19/1000 -> 6.5119166 | Y20: =('II. Transport '!F105+'II. Transport '!G105+'II. Transport '!K105+'II. Transport '!L105)/1000 -> 0 | Z20: =(SUM(W20:Y20)) -> 6.997975 | AE20: =H20+O20+V20+Z20+AC20 -> 777.88876
B21: Hackney | C21: ='Borough kWh'!C21*(EF_GHG_ElectGen+EF_GHG_ElectTD)/1000000 -> 64.094448 | D21: ='Borough kWh'!D21*EF_GHG_NatGas_DCI/1000000 -> 149.15629 | E21: ='Borough kWh'!E21*EF_GHG_Coal_DCI/1000000 -> 1.2199172 | F21: ='Borough kWh'!F21*EF_GHG_GasOil/1000000 -> 0.68331386 | G21: ='Borough kWh'!G21*EF_GHG_W_R_IC/1000000 -> 1.1767392 | H21: =SUM(C21:G21) -> 216.33071 | I21: ='Borough kWh'!I21*(EF_GHG_ElectGen+EF_GHG_ElectTD)/1000000 -> 102.37605 | J21: ='Borough kWh'!J21*(EF_GHG_ElectGen+EF_GHG_ElectTD)/1000000 -> 93.500357 | K21: ='Borough kWh'!K21*EF_GHG_NatGas_DCI/1000000 -> 64.823357 | L21: ='Borough kWh'!L21*EF_GHG_Coal_DCI/1000000 -> 1.2332053 | M21: ='Borough kWh'!M21*EF_GHG_GasOil/1000000 -> 56.423544 | N21: ='Borough kWh'!N21*EF_GHG_W_R_IC/1000000 -> 0.93904722 | O21: =SUM(J21:N21) -> 216.91951 | P21: ='II. Transport '!G20/1000-Y21 -> 0 | Q21: ='II. Transport '!H20/1000 -> 0 | R21: ='II. Transport '!E20/1000 -> 1.686004 | S21: ='II. Transport '!F20/1000 -> 6.4875544 | T21: ='II. Transport '!O238/1000 -> 116.92931 | U21: ='II. Transport '!AA238/1000 -> 2.3881342 | V21: =SUM(P21:U21) -> 127.491 | W21: ='II. Transport '!T20/1000 -> 0.38012552 | X21: ='II. Transport '!U20/1000 -> 12.084061 | Y21: =('II. Transport '!F106+'II. Transport '!G106+'II. Transport '!K106+'II. Transport '!L106)/1000 -> 0 | Z21: =(SUM(W21:Y21)) -> 12.464186 | AE21: =H21+O21+V21+Z21+AC21 -> 573.20541
B22: Hammersmith and Fulham | C22: ='Borough kWh'!C22*(EF_GHG_ElectGen+EF_GHG_ElectTD)/1000000 -> 52.1474 | D22: ='Borough kWh'!D22*EF_GHG_NatGas_DCI/1000000 -> 134.0446 | E22: ='Borough kWh'!E22*EF_GHG_Coal_DCI/1000000 -> 1.0298153 | F22: ='Borough kWh'!F22*EF_GHG_GasOil/1000000 -> 0.82519904 | G22: ='Borough kWh'!G22*EF_GHG_W_R_IC/1000000 -> 1.0902756 | H22: =SUM(C22:G22) -> 189.13729 | I22: ='Borough kWh'!I22*(EF_GHG_ElectGen+EF_GHG_ElectTD)/1000000 -> 119.58804 | J22: ='Borough kWh'!J22*(EF_GHG_ElectGen+EF_GHG_ElectTD)/1000000 -> 107.35612 | K22: ='Borough kWh'!K22*EF_GHG_NatGas_DCI/1000000 -> 94.657787 | L22: ='Borough kWh'!L22*EF_GHG_Coal_DCI/1000000 -> 0.76441913 | M22: ='Borough kWh'!M22*EF_GHG_GasOil/1000000 -> 63.462652 | N22: ='Borough kWh'!N22*EF_GHG_W_R_IC/1000000 -> 0.79381349 | O22: =SUM(J22:N22) -> 267.03479 | P22: ='II. Transport '!G21/1000-Y22 -> 7.8664076 | Q22: ='II. Transport '!H21/1000 -> 0.0069014007 | R22: ='II. Transport '!E21/1000 -> 1.6855721 | S22: ='II. Transport '!F21/1000 -> 9.8685143 | T22: ='II. Transport '!O239/1000 -> 112.23811 | U22: ='II. Transport '!AA239/1000 -> 2.3634125 | V22: =SUM(P22:U22) -> 134.02892 | W22: ='II. Transport '!T21/1000 -> 0.34299503 | X22: ='II. Transport '!U21/1000 -> 31.502093 | Y22: =('II. Transport '!F107+'II. Transport '!G107+'II. Transport '!K107+'II. Transport '!L107)/1000 -> 0 | Z22: =(SUM(W22:Y22)) -> 31.845088 | AE22: =H22+O22+V22+Z22+AC22 -> 622.04609
... B42: Westminster | C42: ='Borough kWh'!C42*(EF_GHG_ElectGen+EF_GHG_ElectTD)/1000000 -> 88.501195 | D42: ='Borough kWh'!D42*EF_GHG_NatGas_DCI/1000000 -> 150.03529 | E42: ='Borough kWh'!E42*EF_GHG_Coal_DCI/1000000 -> 0.88879034 | F42: ='Borough kWh'!F42*EF_GHG_GasOil/1000000 -> 2.5953886 | G42: ='Borough kWh'!G42*EF_GHG_W_R_IC/1000000 -> 0.85067554 | H42: =SUM(C42:G42) -> 242.87134 | I42: ='Borough kWh'!I42*(EF_GHG_ElectGen+EF_GHG_ElectTD)/1000000 -> 537.48963 | J42: ='Borough kWh'!J42*(EF_GHG_ElectGen+EF_GHG_ElectTD)/1000000 -> 503.01386 | K42: ='Borough kWh'!K42*EF_GHG_NatGas_DCI/1000000 -> 382.66218 | L42: ='Borough kWh'!L42*EF_GHG_Coal_DCI/1000000 -> 2.5121943 | M42: ='Borough kWh'!M42*EF_GHG_GasOil/1000000 -> 241.88551 | N42: ='Borough kWh'!N42*EF_GHG_W_R_IC/1000000 -> 1.4050248 | O42: =SUM(J42:N42) -> 1131.4788 | P42: ='II. Transport '!G41/1000-Y42 -> 0 | Q42: ='II. Transport '!H41/1000 -> 7.185126 | R42: ='II. Transport '!E41/1000 -> 1.388611 | S42: ='II. Transport '!F41/1000 -> 28.452827 | T42: ='II. Transport '!O259/1000 -> 193.71981 | U42: ='II. Transport '!AA259/1000 -> 6.0229384 | V42: =SUM(P42:U42) -> 236.76931 | W42: ='II. Transport '!T41/1000 -> 2.0740798 | X42: ='II. Transport '!U41/1000 -> 20.984128 | Y42: =('II. Transport '!F127+'II. Transport '!G127+'II. Transport '!K127+'II. Transport '!L127)/1000 -> 0 | Z42: =(SUM(W42:Y42)) -> 23.058208 | AE42: =H42+O42+V42+Z42+AC42 -> 1634.1776
B43: Unapportioned | J43: =I43-S43 -> 0 | K43: ='Borough kWh'!K43*EF_GHG_NatGas_DCI/1000000 -> 9.7394471 | O43: =SUM(J43:N43) -> 9.7394471 | S43: ='II. Transport '!F42/1000 -> 0 | V43: =SUM(P43:T43) -> 0 | AA43: =SUM('IV. IPPU'!R65/1000) -> 1010.1036 | AB43: =(SUM('V. AFOLU'!H9:H18)+SUM('V. AFOLU'!H25:H42)+SUM('V. AFOLU'!H56:H61))/1000 -> 127.83062 | AC43: =('III. Waste'!L10+'III. Waste'!L20+'III. Waste'!L21+'III. Waste'!L23+'III. Waste'!L24+'III. Waste'!L35+'III. Waste'!L12+'III. Waste'!L26+'III. Waste'!L27)/1000 -> 444.54284 | AD43: ='I. Energy - Stationary'!I145/1000 -> 163.06096 | AE43: =AA43+AB43+AC43+AD43+V43+O43 -> 1755.2775
B44: Grand Total (kt) | C44: =SUM(C10:C42) -> 2326.9512 | D44: =SUM(D10:D42) -> 6172.8839 | E44: =SUM(E10:E42) -> 84.403921 | F44: =SUM(F10:F42) -> 45.903076 | G44: =SUM(G10:G42) -> 113.13979 | H44: =SUM(H10:H42) -> 8743.2818 | I44: =SUM(I10:I42) -> 4446.9118 | J44: =SUM(J10:J43) -> 3871.2717 | K44: =SUM(K10:K43) -> 3343.1222 | L44: =SUM(L10:L42) -> 58.25137 | M44: =SUM(M10:M42) -> 2045.9641 | N44: =SUM(N10:N42) -> 83.124727 | O44: =SUM(O10:O43) -> 9401.7341 | P44: =SUM(P10:P42) -> 811.17214 | Q44: =SUM(Q10:Q42) -> 58.835909 | R44: =SUM(R10:R42) -> 84.619158 | S44: =SUM(S10:S43) -> 455.28491 | T44: =SUM(T10:T42) -> 6646.1607 | U44: =SUM(U10:U42) -> 120.35522 | V44: =SUM(V10:V43) -> 8176.428 | W44: =SUM(W10:W43) -> 18.990198 | X44: =SUM(X10:X43) -> 493.10883 | Y44: =SUM(Y10:Y43) -> 31.460885 | Z44: =SUM(Z10:Z43) -> 543.55991 | AA44: =AA43 -> 1010.1036 | AB44: =AB43 -> 127.83062 | AC44: =AC43 -> 444.54284 | AD44: =AD43 -> 163.06096 | AE44: =H44+O44+V44+Z44+AA44+AB44+AC44+AD44 -> 28610.542
B45: Grand Total (mt) | C45: =C44/1000 -> 2.3269512 | D45: =D44/1000 -> 6.1728839 | E45: =E44/1000 -> 0.084403921 | F45: =F44/1000 -> 0.045903076 | G45: =G44/1000 -> 0.11313979 | H45: =H44/1000 -> 8.7432818 | I45: =I44/1000 -> 4.4469118 | J45: =J44/1000 -> 3.8712717 | ... AE45: =AE44/1000 -> 28.610542
B47: *Not grid connected
B48: **Data currently unavailable for 2023

Sheet Charts
A1: LEGGI 2023: key charts
B4: Figure 1: CO2e emissions by sector in 2023 | N4: Table C1: CO2e emissions by sector in 2023
N5: (including fugitive emissions)
N6: EMISSION SECTOR | O6: MtCO2e | P6: %
N7: Domestic | O7: =Summary!AA20+Summary!AA34 -> 8.8490569 | P7: =O7/SUM($O$7:$O$12) -> 0.30929358
N8: Industrial & Commercial | O8: =Summary!AA31+Summary!AA35 -> 9.45902 | P8: =O8/SUM($O$7:$O$12) -> 0.3306131
N9: Transport (inc. NRMM) | O9: =Summary!AA46 -> 8.7199879 | P9: =O9/SUM($O$7:$O$12) -> 0.30478234
N10: IPPU | O10: =Summary!AA56 -> 1.0101036 | P10: =O10/SUM($O$7:$O$12) -> 0.035305295
N11: Waste | O11: =Summary!AA52 -> 0.44454284 | P11: =O11/SUM($O$7:$O$12) -> 0.015537729
N12: AFOLU | O12: =Summary!AA62 -> 0.12783062 | P12: =O12/SUM($O$7:$O$12) -> 0.0044679553
B18: Figure 2: CO2e emissions for Domestic sector split by fuel in 2023 | N18: Table C2: CO2e emissions for Domestic sector split by fuel in 2023
N19: (excluding fugitive emissions)
N20: =Summary!B13 -> I. ENERGY DOMESTIC | O20: MtCO2e | P20: %
N21: =Summary!B14 -> Gas | O21: =Summary!AA14 -> 6.1728839 | P21: =O21/SUM($O$21:$O$25) -> 0.70601451
N22: =Summary!B15 -> Electricity | O22: =Summary!AA15 -> 2.3269512 | P22: =O22/SUM($O$21:$O$25) -> 0.26614162
N23: =Summary!B17 -> Coal | O23: =Summary!AA17 -> 0.084403921 | P23: =O23/SUM($O$21:$O$25) -> 0.0096535743
N24: Bioenergy and waste (not grid connected) | O24: =Summary!AA19 -> 0.11313979 | P24: =O24/SUM($O$21:$O$25) -> 0.012940197
N25: =Summary!B18 -> Oil | O25: =Summary!AA18 -> 0.045903076 | P25: =O25/SUM($O$21:$O$25) -> 0.0052500968
B32: Figure 3: CO2e emissions for Industrial & Commercial sector split by fuel in 2023 | N32: Table C3: CO2e emissions for Industrial & Commercial sector split by fuel in 2023
N33: (excluding fugitive emissions)
N34: =Summary!B22 -> I. ENERGY INDUSTRIAL AND COMMERCIAL | O34: MtCO2e | P34: %
N35: Electricity | O35: =Summary!AA24 -> 3.8712717 | P35: =O35/SUM($O$35:$O$40) -> 0.41176145
N36: Gas | O36: =Summary!AA23 -> 3.3333828 | P36: =O36/SUM($O$35:$O$40) -> 0.35454978
N37: Oil | O37: =Summary!AA28 -> 2.0459641 | P37: =O37/SUM($O$35:$O$40) -> 0.21761561
N38: Bioenergy and waste (not grid connected) | O38: =Summary!AA29 -> 0.083124727 | P38: =O38/SUM($O$35:$O$40) -> 0.0088414249
N39: Large industrial gas | O39: =Summary!AA25 -> 0.0097394471 | P39: =O39/SUM($O$35:$O$40) -> 0.0010359203
N40: Coal | O40: =Summary!AA27 -> 0.05825137 | P40: =O40/SUM($O$35:$O$40) -> 0.0061958112
B48: Figure 4: CO2e emissions for Transport sector in 2023 | N48: Table C4: CO2e emissions for Transport sector in 2023
N51: =Summary!B38 -> II. TRANSPORT | O51: MtCO2e | P51: %
N52: =Summary!B39 -> Road transport (non electric) | O52: =Summary!AA39 -> 6.6461607 | P52: =O52/SUM($O$52:$O$57) -> 0.77284239
N53: =Summary!B43 -> Aviation | O53: =Summary!AA43 -> 0.81117214 | P53: =O53/SUM($O$52:$O$57) -> 0.094326371
N54: Rail (electric) | O54: =Summary!AA41 -> 0.45528491 | P54: =O54/SUM($O$52:$O$57) -> 0.052942367
N55: =Summary!B45 -> NRMM | O55: =Summary!AA45 -> 0.54355991 | P55: =O55/SUM($O$52:$O$57) -> 0.06320734
N56: Rail (diesel) | O56: =Summary!AA40 -> 0.084619158 | P56: =O56/SUM($O$52:$O$57) -> 0.0098398572
N57: =Summary!B44 -> Shipping | O57: =Summary!AA44 -> 0.058835909 | P57: =O57/SUM($O$52:$O$57) -> 0.006841677
B69: Figure 5: CO2e emissions for Waste sector in 2023 | N69: Table C5: CO2e emissions for Waste sector in 2023
N72: =Summary!B48 -> III. WASTE | O72: MtCO2e | P72: %
N73: Landfill | O73: =Summary!AA49 -> 0.19636945 | P73: =O73/SUM($O$73:$O$75) -> 0.44173346
N74: =Summary!B50 -> Biological treatment of waste | O74: =Summary!AA50 -> 0.056420457 | P74: =O74/SUM($O$73:$O$75) -> 0.12691793
N75: =Summary!B51 -> Wastewater treatment and discharge | O75: =Summary!AA51 -> 0.19175294 | P75: =O75/SUM($O$73:$O$75) -> 0.43134861
B90: Figure 6: CO2e emissions for Industrial Processes & Product Use sector in 2023 | N90: Table C6: CO2e emissions for Industrial Processes & Product Use sector in 2023
N93: =Summary!B53 -> IV. INDUSTRIAL PROCESSES & PRODUCT USE | O93: MtCO2e | P93: %
N94: Refrigeration and stationary air conditioning (2.F.1.a) | O94: =SUM('IV. IPPU'!$R$18:$R$36)/1000000 -> 0.77678648 | P94: =O94/SUM($O$94:$O$104) -> 0.76901662
N95: Aerosols (2.F.4) | O95: =SUM('IV. IPPU'!$R$44:$R$47)/1000000 -> 0.12502489 | P95: =O95/SUM($O$94:$O$104) -> 0.12377432
N96: Foam blowing agents (2.F.2) | O96: =SUM('IV. IPPU'!$R$37:$R$41)/1000000 -> 0.039034977 | P96: =O96/SUM($O$94:$O$104) -> 0.038644527
N97: SF6 and PFCs from other product uses (2.G.2) | O97: =(SUM('IV. IPPU'!$R$58:$R$64)+'IV. IPPU'!$R$42)/1000000 -> 0.012402773 | P97: =O97/SUM($O$94:$O$104) -> 0.012278713
N98: Fire protection (2.F.3) | O98: ='IV. IPPU'!$R$43/1000000 -> 0.017434131 | P98: =O98/SUM($O$94:$O$104) -> 0.017259745
N99: Electrical equipment (2.G.1) | O99: ='IV. IPPU'!$R$57/1000000 -> 0.033758262 | P99: =O99/SUM($O$94:$O$104) -> 0.033420593
N100: Other (2.F.6) | O100: =SUM('IV. IPPU'!$R$49:$R$54)/1000000 -> 0.0030307896 | P100: =O100/SUM($O$94:$O$104) -> 0.0030004739
N101: Integrated circuit or semiconductor (2.E.1) | O101: =SUM('IV. IPPU'!$R$16:$R$17)/1000000 -> 0.00087911901 | P101: =O101/SUM($O$94:$O$104) -> 0.00087032558
N102: Solvents (2.F.5) | O102: ='IV. IPPU'!$R$48/1000000 -> 0.0016323687 | P102: =O102/SUM($O$94:$O$104) -> 0.0016160408
N103: N2O from product uses (2.G.3) | O103: ='IV. IPPU'!$R$55/1000000 -> 0.00010250981 | P103: =O103/SUM($O$94:$O$104) -> 0.00010148445
N104: Other (2.G.4) | O104: ='IV. IPPU'!$R$56/1000000 -> 1.7324257e-05 | P104: =O104/SUM($O$94:$O$104) -> 1.715097e-05
B111: Figure 7: CO2e emissions for Agriculture sector in 2023 | N111: Table C7: CO2e emissions for Agriculture sector in 2023
N115: =Summary!B57 -> V. AGRICULTURE | O115: MtCO2e | P115: %
N116: =Summary!B58 -> Livestock | O116: =Summary!AA58 -> 0.011914744 | P116: =O116/SUM($O$116:$O$119) -> 0.093207274
N117: =Summary!B59 -> Land | O117: =Summary!AA59 -> 0.1090199 | P117: =O117/SUM($O$116:$O$119) -> 0.85284646
N118: =Summary!B60 -> Aggregate Sources and Non-CO2 Emissions Sources on Land | O118: =Summary!AA60 -> 0 | P118: =O118/SUM($O$116:$O$119) -> 0
N119: =Summary!B61 -> Other | O119: =Summary!AA61 -> 0.0068959842 | P119: =O119/SUM($O$116:$O$119) -> 0.053946261
B128: Figure 8: Long term trends in CO2e emissions by sector, 1990 & 2000-2023 | N128: Table C8: Long term trends in CO2e emissions by sector, 1990 & 2000-2023
N130: Sector | O130: =Summary!C12 -> 1990 | P130: =Summary!D12 -> 2000 | Q130: =Summary!E12 -> 2001 | R130: =Summary!F12 -> 2002 | S130: =Summary!G12 -> 2003 | T130: =Summary!H12 -> 2004 | U130: =Summary!I12 -> 2005 | V130: =Summary!J12 -> 2006 | ... AG130: =Summary!U12 -> 2017 | AH130: 2018 | AI130: 2019 | AJ130: 2020 | AK130: 2021 | AL130: 2022 | AM130: 2023
N131: Domestic | O131: =Summary!C20 -> 15.84 | P131: =Summary!D20 -> 17.536663 | Q131: =Summary!E20 -> 17.791542 | R131: =Summary!F20 -> 17.950074 | S131: =Summary!G20 -> 18.108605 | T131: =Summary!H20 -> 16.848706 | U131: =Summary!I20 -> 17.055987 | V131: =Summary!J20 -> 17.063394 | ... AM131: =Summary!AA20 -> 8.7432818
N132: Industrial & Commercial | O132: =Summary!C31 -> 19.74 | P132: =Summary!D31 -> 24.064397 | Q132: =Summary!E31 -> 21.75741 | R132: =Summary!F31 -> 21.102603 | S132: =Summary!G31 -> 20.447795 | T132: =Summary!H31 -> 20.054621 | U132: =Summary!I31 -> 21.123874 | V132: =Summary!J31 -> 22.527223 | ... AM132: =Summary!AA31 -> 9.4017341
N133: Fugitive emissions | O133: =Summary!C36 -> 0 | P133: =Summary!D36 -> 0.28091629 | Q133: =Summary!E36 -> 0.30837705 | R133: =Summary!F36 -> 0.19115925 | S133: =Summary!G36 -> 0.26230958 | T133: =Summary!H36 -> 0.26341697 | U133: =Summary!I36 -> 0.25033519 | V133: =Summary!J36 -> 0.24124638 | ... AM133: =Summary!AA36 -> 0.16306096
N134: Transport | O134: =Summary!C46 -> 9.4742967 | P134: =Summary!D46 -> 8.7129082 | Q134: =Summary!E46 -> 9.3089776 | R134: =Summary!F46 -> 9.8815826 | S134: =Summary!G46 -> 10.454188 | T134: =Summary!H46 -> 9.6540479 | U134: =Summary!I46 -> 10.209514 | V134: =Summary!J46 -> 10.206576 | ... AM134: =Summary!AA46 -> 8.7199879
N135: IPPU | O135: =Summary!C56 -> 0.13536145 | P135: =Summary!D56 -> 0 | Q135: =Summary!E56 -> 0 | R135: =Summary!F56 -> 0 | S135: =Summary!G56 -> 1.5046899 | T135: =Summary!H56 -> 1.6470919 | U135: =Summary!I56 -> 1.3478076 | V135: =Summary!J56 -> 1.4228268 | ... AM135: =Summary!AA56 -> 1.0101036
N136: AFOLU | O136: =Summary!C62 -> 0.17513571 | P136: =Summary!D62 -> 0.15914203 | Q136: =Summary!E62 -> 0.1549561 | R136: =Summary!F62 -> 0.15179332 | S136: =Summary!G62 -> 0.14886984 | T136: =Summary!H62 -> 0.14524754 | U136: =Summary!I62 -> 0.13978791 | V136: =Summary!J62 -> 0.13786642 | ... AM136: =Summary!AA62 -> 0.12783062
N137: Waste | O137: =Summary!C52 -> 0 | P137: =Summary!D52 -> 0 | Q137: =Summary!E52 -> 0 | R137: =Summary!F52 -> 0 | S137: =Summary!G52 -> 0 | T137: =Summary!H52 -> 0 | U137: =Summary!I52 -> 0 | V137: =Summary!J52 -> 0 | ... AM137: =Summary!AA52 -> 0.44454284
N138: Total | O138: =SUM(O131:O137) -> 45.364794 | P138: =SUM(P131:P137) -> 50.754027 | Q138: =SUM(Q131:Q137) -> 49.321263 | R138: =SUM(R131:R137) -> 49.277212 | S138: =SUM(S131:S137) -> 50.926457 | T138: =SUM(T131:T137) -> 48.613131 | U138: =SUM(U131:U137) -> 50.127305 | V138: =SUM(V131:V137) -> 51.599132 | ... AM138: =SUM(AM131:AM137) -> 28.610542

Sheet I. Energy - Stationary
A1: Energy - Stationary
A2: 2023
B4: Table 1.1 Electricity and gas consumption by borough, 2023 (kWh)
B6: LA name | C6: LA code | D6: Electricity | H6: Gas
D7: Domestic | G7: Industrial and commercial | H7: Not weather corrected
D8: Economy 7 | E8: Standard | F8: Total | H8: Domestic | I8: Industrial and Commercial
A9: * | B9: Barking and Dagenham | C9: UKI2101 | D9: 37709974 | E9: 2.054487e+08 | F9: 2.4315867e+08 | G9: 3.2202359e+08 | H9: 6.5140025e+08 | I9: 2.2769581e+08
B10: Barnet | C10: UKI2301 | D10: 1.485321e+08 | E10: 4.3776967e+08 | F10: 5.8630177e+08 | G10: 4.5612902e+08 | H10: 1.8375564e+09 | I10: 4.8047757e+08
B11: Bexley | C11: UKI2102 | D11: 36226739 | E11: 3.0013631e+08 | F11: 3.3636305e+08 | G11: 3.9722515e+08 | H11: 1.0112982e+09 | I11: 6.6332052e+08
B12: Brent | C12: UKI2302 | D12: 65364704 | E12: 3.3742995e+08 | F12: 4.0279466e+08 | G12: 7.1766426e+08 | H12: 1.2999263e+09 | I12: 5.4852235e+08
B13: Bromley | C13: UKI2201 | D13: 61566909 | E13: 4.311476e+08 | F13: 4.9271451e+08 | G13: 3.5808497e+08 | H13: 1.679766e+09 | I13: 2.9366623e+08
B14: Camden | C14: UKI1102 | D14: 27054709 | E14: 2.9073284e+08 | F14: 3.1778755e+08 | G14: 1.1513527e+09 | H14: 7.9937166e+08 | I14: 1.2923592e+09
B15: City of London | C15: UKI1101 | D15: 4199933.8 | E15: 21379252 | F15: 25579186 | G15: 1.5734407e+09 | H15: 24092856 | I15: 6.549078e+08
B16: Croydon | C16: UKI2202 | D16: 92287585 | E16: 4.4776255e+08 | F16: 5.4005014e+08 | G16: 5.6540979e+08 | H16: 1.7271738e+09 | I16: 4.3171691e+08
B17: Ealing | C17: UKI2303 | D17: 43934223 | E17: 4.0972656e+08 | F17: 4.5366078e+08 | G17: 9.0895353e+08 | H17: 1.4015725e+09 | I17: 6.1999997e+08
A18: * | B18: Enfield | C18: UKI2103 | D18: 1.1777634e+08 | E18: 3.1961835e+08 | F18: 4.3739469e+08 | G18: 4.7918177e+08 | H18: 1.318932e+09 | I18: 4.694102e+08
B19: Greenwich | C19: UKI2104 | D19: 27643473 | E19: 3.2434965e+08 | F19: 3.5199313e+08 | G19: 4.3120639e+08 | H19: 9.5279921e+08 | I19: 4.9725143e+08
B20: Hackney | C20: UKI1201 | D20: 30725396 | E20: 2.9705638e+08 | F20: 3.2778177e+08 | G20: 5.2355552e+08 | H20: 8.152399e+08 | I20: 3.5430344e+08
B21: Hammersmith and Fulham | C21: UKI1103 | D21: 25592447 | E21: 2.4109161e+08 | F21: 2.6668406e+08 | G21: 6.1157842e+08 | H21: 7.3264431e+08 | I21: 5.1736875e+08
B22: Haringey | C22: UKI1202 | D22: 68653618 | E22: 2.644314e+08 | F22: 3.3308501e+08 | G22: 3.9836603e+08 | H22: 1.0476479e+09 | I22: 3.3795504e+08
B23: Harrow | C23: UKI2304 | D23: 74387273 | E23: 2.4887637e+08 | F23: 3.2326364e+08 | G23: 1.9134799e+08 | H23: 1.2065938e+09 | I23: 2.1339686e+08
B24: Havering | C24: UKI2105 | D24: 64163157 | E24: 2.9706075e+08 | F24: 3.6122391e+08 | G24: 3.5205896e+08 | H24: 1.1120991e+09 | I24: 1.9485616e+08
B25: Hillingdon | C25: UKI2305 | D25: 58660100 | E25: 3.4108334e+08 | F25: 3.9974344e+08 | G25: 1.3281062e+09 | H25: 1.2236682e+09 | I25: 6.2171244e+08
B26: Hounslow | C26: UKI2306 | D26: 43988310 | E26: 3.2029561e+08 | F26: 3.6428392e+08 | G26: 8.0295763e+08 | H26: 9.9246431e+08 | I26: 4.9947929e+08
A27: * | B27: Islington | C27: UKI1203 | D27: 29473672 | E27: 2.5757623e+08 | F27: 2.870499e+08 | G27: 6.7478669e+08 | H27: 7.4313013e+08 | I27: 5.7275413e+08
B28: Kensington and Chelsea | C28: UKI1104 | D28: 29239112 | E28: 2.9229023e+08 | F28: 3.2152935e+08 | G28: 9.0013887e+08 | H28: 7.5063063e+08 | I28: 7.6185204e+08
B29: Kingston upon Thames | C29: UKI2203 | D29: 38266859 | E29: 2.0045638e+08 | F29: 2.3872324e+08 | G29: 2.8505754e+08 | H29: 7.3931113e+08 | I29: 2.1348953e+08
B30: Lambeth | C30: UKI1204 | D30: 38324076 | E30: 3.6572657e+08 | F30: 4.0405065e+08 | G30: 5.5506861e+08 | H30: 1.140446e+09 | I30: 7.7015039e+08
B31: Lewisham | C31: UKI1205 | D31: 40360106 | E31: 3.4271664e+08 | F31: 3.8307675e+08 | G31: 2.6814494e+08 | H31: 1.1053034e+09 | I31: 3.4544402e+08
B32: Merton | C32: UKI2204 | D32: 26825920 | E32: 2.6204251e+08 | F32: 2.8886843e+08 | G32: 4.3371032e+08 | H32: 9.0197048e+08 | I32: 2.7911638e+08
B33: Newham | C33: UKI1206 | D33: 36154463 | E33: 3.3691216e+08 | F33: 3.7306662e+08 | G33: 9.6283696e+08 | H33: 9.2628176e+08 | I33: 9.832122e+08
B34: Redbridge | C34: UKI2106 | D34: 35316456 | E34: 3.3498341e+08 | F34: 3.7029987e+08 | G34: 2.2586568e+08 | H34: 1.2251353e+09 | I34: 2.146677e+08
B35: Richmond upon Thames | C35: UKI2307 | D35: 40340862 | E35: 2.6005132e+08 | F35: 3.0039218e+08 | G35: 2.805829e+08 | H35: 9.7889428e+08 | I35: 2.6517629e+08
B36: Southwark | C36: UKI1207 | D36: 63508820 | E36: 3.5165702e+08 | F36: 4.1516584e+08 | G36: 8.1887371e+08 | H36: 8.6628366e+08 | I36: 8.2980998e+08
B37: Sutton | C37: UKI2205 | D37: 59396644 | E37: 2.2829544e+08 | F37: 2.8769208e+08 | G37: 3.3020564e+08 | H37: 8.6138182e+08 | I37: 2.5278556e+08
B38: Tower Hamlets | C38: UKI1208 | D38: 73771798 | E38: 3.4915654e+08 | F38: 4.2292834e+08 | G38: 1.9140326e+09 | H38: 5.9583655e+08 | I38: 8.1204606e+08
B39: Waltham Forest | C39: UKI2107 | D39: 38665357 | E39: 2.7925385e+08 | F39: 3.1791921e+08 | G39: 2.9679612e+08 | H39: 9.8688241e+08 | I39: 2.7511728e+08
... B41: Westminster | C41: UKI1106 | D41: 51789376 | E41: 4.0080955e+08 | F41: 4.5259893e+08 | G41: 2.7487452e+09 | H41: 8.2004419e+08 | I41: 2.0915073e+09
B42: Large industrial users | I42: 53232658
B43: Total | D43: =SUM(D9:D41) -> 1.6790404e+09 | E43: =SUM(E9:E41) -> 1.0221088e+10 | F43: =SUM(F9:F41) -> 1.1900129e+10 | G43: =SUM(G9:G41) -> 2.2741699e+10 | H43: =SUM(H9:H41) -> 3.373898e+10 | I43: =SUM(I9:I42) -> 1.8272421e+10
A45: * | B45: This borough contains at least one major power station or large industrial consumer whose consumption has not been included in the data
B47: Table 1.2 Non-transport residual fuel consumption by borough, 2023 (ktoe and kWh)
B49: LA name | C49: LA code | D49: Thousand tonnes of oil equivalent | J49: kWh
D50: Domestic | G50: Industrial and commercial | J50: Domestic | M50: Industrial and commercial
D51: Coal | E51: Oil | F51: Bioenergy and wastes | G51: Coal | H51: Oil | I51: Bioenergy and wastes | J51: Coal | K51: Oil | L51: Bioenergy and wastes | M51: Coal | N51: Oil | O51: Bioenergy and wastes
B52: Barking and Dagenham | C52: UKI2101 | D52: =K93+M93 -> 0.96959659 | E52: =E93 -> 0.21930259 | F52: =O93 -> 2.5754691 | G52: =J93+L93 -> 0.24954374 | H52: =D93+G93+H93+I93 -> 14.755877 | I52: =N93 -> 0.80366089 | J52: =D52*kWh_per_mtoe/1000 -> 11276408 | K52: =E52*kWh_per_mtoe/1000 -> 2550489.1 | L52: =F52*kWh_per_mtoe/1000 -> 29952706 | M52: =G52*kWh_per_mtoe/1000 -> 2902193.7 | N52: =H52*kWh_per_mtoe/1000 -> 1.7161085e+08 | O52: =I52*kWh_per_mtoe/1000 -> 9346576.2
B53: Barnet | C53: UKI2301 | D53: =K94+M94 -> 0.742178 | E53: =E94 -> 0.72016233 | F53: =O94 -> 3.3406635 | G53: =J94+L94 -> 0.54570323 | H53: =D94+G94+H94+I94 -> 28.494665 | I53: =N94 -> 1.4131485 | J53: =D53*kWh_per_mtoe/1000 -> 8631530.2 | K53: =E53*kWh_per_mtoe/1000 -> 8375487.9 | L53: =F53*kWh_per_mtoe/1000 -> 38851916 | M53: =G53*kWh_per_mtoe/1000 -> 6346528.5 | N53: =H53*kWh_per_mtoe/1000 -> 3.3139295e+08 | O53: =I53*kWh_per_mtoe/1000 -> 16434917
B54: Bexley | C54: UKI2102 | D54: =K95+M95 -> 0.89263152 | E54: =E95 -> 0.50766984 | F54: =O95 -> 3.2418345 | G54: =J95+L95 -> 0.52373411 | H54: =D95+G95+H95+I95 -> 9.3140431 | I54: =N95 -> 3.3264757 | J54: =D54*kWh_per_mtoe/1000 -> 10381305 | K54: =E54*kWh_per_mtoe/1000 -> 5904200.2 | L54: =F54*kWh_per_mtoe/1000 -> 37702535 | M54: =G54*kWh_per_mtoe/1000 -> 6091027.7 | N54: =H54*kWh_per_mtoe/1000 -> 1.0832232e+08 | O54: =I54*kWh_per_mtoe/1000 -> 38686912
B55: Brent | C55: UKI2302 | D55: =K96+M96 -> 0.77234001 | E55: =E96 -> 0.41989554 | F55: =O96 -> 2.4777238 | G55: =J96+L96 -> 0.64828924 | H55: =D96+G96+H96+I96 -> 15.623111 | I55: =N96 -> 2.2386827 | J55: =D55*kWh_per_mtoe/1000 -> 8982314.3 | K55: =E55*kWh_per_mtoe/1000 -> 4883385.1 | L55: =F55*kWh_per_mtoe/1000 -> 28815928 | M55: =G55*kWh_per_mtoe/1000 -> 7539603.8 | N55: =H55*kWh_per_mtoe/1000 -> 1.8169678e+08 | O55: =I55*kWh_per_mtoe/1000 -> 26035880
B56: Bromley | C56: UKI2201 | D56: =K97+M97 -> 0.73487567 | E56: =E97 -> 1.1112796 | F56: =O97 -> 3.8009106 | G56: =J97+L97 -> 0.28961325 | H56: =D97+G97+H97+I97 -> 10.71317 | I56: =N97 -> 0.79867048 | J56: =D56*kWh_per_mtoe/1000 -> 8546604 | K56: =E56*kWh_per_mtoe/1000 -> 12924182 | L56: =F56*kWh_per_mtoe/1000 -> 44204591 | M56: =G56*kWh_per_mtoe/1000 -> 3368202.1 | N56: =H56*kWh_per_mtoe/1000 -> 1.2459416e+08 | O56: =I56*kWh_per_mtoe/1000 -> 9288537.7
B57: Camden | C57: UKI1102 | D57: =K98+M98 -> 0.18427224 | E57: =E98 -> 0.70016421 | F57: =O98 -> 0.52199296 | G57: =J98+L98 -> 0.55446932 | H57: =D98+G98+H98+I98 -> 53.884278 | I57: =N98 -> 0.97878464 | J57: =D57*kWh_per_mtoe/1000 -> 2143086.2 | K57: =E57*kWh_per_mtoe/1000 -> 8142909.8 | L57: =F57*kWh_per_mtoe/1000 -> 6070778.1 | M57: =G57*kWh_per_mtoe/1000 -> 6448478.1 | N57: =H57*kWh_per_mtoe/1000 -> 6.2667415e+08 | O57: =I57*kWh_per_mtoe/1000 -> 11383265
B58: City of London | C58: UKI1101 | D58: =K99+M99 -> 0.0030460908 | E58: =E99 -> 0.025202582 | F58: =O99 -> 0.0069861946 | G58: =J99+L99 -> 0.33301135 | H58: =D99+G99+H99+I99 -> 13.175336 | I58: =N99 -> 0.54952534 | J58: =D58*kWh_per_mtoe/1000 -> 35426.036 | K58: =E58*kWh_per_mtoe/1000 -> 293106.02 | L58: =F58*kWh_per_mtoe/1000 -> 81249.443 | M58: =G58*kWh_per_mtoe/1000 -> 3872922 | N58: =H58*kWh_per_mtoe/1000 -> 1.5322915e+08 | O58: =I58*kWh_per_mtoe/1000 -> 6390979.7
B59: Croydon | C59: UKI2202 | D59: =K100+M100 -> 1.2733568 | E59: =E100 -> 0.73776974 | F59: =O100 -> 4.5035262 | G59: =J100+L100 -> 0.28396642 | H59: =D100+G100+H100+I100 -> 11.593865 | I59: =N100 -> 0.84628057 | J59: =D59*kWh_per_mtoe/1000 -> 14809139 | K59: =E59*kWh_per_mtoe/1000 -> 8580262 | L59: =F59*kWh_per_mtoe/1000 -> 52376010 | M59: =G59*kWh_per_mtoe/1000 -> 3302529.5 | N59: =H59*kWh_per_mtoe/1000 -> 1.3483665e+08 | O59: =I59*kWh_per_mtoe/1000 -> 9842243
B60: Ealing | C60: UKI2303 | D60: =K101+M101 -> 0.88700203 | E60: =E101 -> 0.52646589 | F60: =O101 -> 2.9680418 | G60: =J101+L101 -> 0.84971373 | H60: =D101+G101+H101+I101 -> 23.63103 | I60: =N101 -> 1.9951656 | J60: =D60*kWh_per_mtoe/1000 -> 10315834 | K60: =E60*kWh_per_mtoe/1000 -> 6122798.2 | L60: =F60*kWh_per_mtoe/1000 -> 34518326 | M60: =G60*kWh_per_mtoe/1000 -> 9882170.7 | N60: =H60*kWh_per_mtoe/1000 -> 2.7482888e+08 | O60: =I60*kWh_per_mtoe/1000 -> 23203776
B61: Enfield | C61: UKI2103 | D61: =K102+M102 -> 1.0629527 | E61: =E102 -> 0.51383195 | F61: =O102 -> 3.3149638 | G61: =J102+L102 -> 1.1999334 | H61: =D102+G102+H102+I102 -> 13.057958 | I61: =N102 -> 1.2729792 | J61: =D61*kWh_per_mtoe/1000 -> 12362140 | K61: =E61*kWh_per_mtoe/1000 -> 5975865.6 | L61: =F61*kWh_per_mtoe/1000 -> 38553029 | M61: =G61*kWh_per_mtoe/1000 -> 13955225 | N61: =H61*kWh_per_mtoe/1000 -> 1.5186405e+08 | O61: =I61*kWh_per_mtoe/1000 -> 14804748
B62: Greenwich | C62: UKI2104 | D62: =K103+M103 -> 0.83820878 | E62: =E103 -> 0.39079156 | F62: =O103 -> 2.6720161 | G62: =J103+L103 -> 0.36777889 | H62: =D103+G103+H103+I103 -> 27.702186 | I62: =N103 -> 1.3499424 | J62: =D62*kWh_per_mtoe/1000 -> 9748368.1 | K62: =E62*kWh_per_mtoe/1000 -> 4544905.8 | L62: =F62*kWh_per_mtoe/1000 -> 31075548 | M62: =G62*kWh_per_mtoe/1000 -> 4277268.5 | N62: =H62*kWh_per_mtoe/1000 -> 3.2217643e+08 | O62: =I62*kWh_per_mtoe/1000 -> 15699831
B63: Hackney | C63: UKI1201 | D63: =K104+M104 -> 0.30210535 | E63: =E104 -> 0.22906205 | F63: =O104 -> 0.72943706 | G63: =J104+L104 -> 0.30539606 | H63: =D104+G104+H104+I104 -> 18.914431 | I63: =N104 -> 0.58209656 | J63: =D63*kWh_per_mtoe/1000 -> 3513485.2 | K63: =E63*kWh_per_mtoe/1000 -> 2663991.6 | L63: =F63*kWh_per_mtoe/1000 -> 8483353 | M63: =G63*kWh_per_mtoe/1000 -> 3551756.2 | N63: =H63*kWh_per_mtoe/1000 -> 2.1997483e+08 | O63: =I63*kWh_per_mtoe/1000 -> 6769783
... B84: Westminster | C84: UKI1106 | D84: =K125+M125 -> 0.22010372 | E84: =E125 -> 0.87003217 | F84: =O125 -> 0.52731673 | G84: =J125+L125 -> 0.6221302 | H84: =D125+G125+H125+I125 -> 81.08542 | I84: =N125 -> 0.87094675 | J84: =D84*kWh_per_mtoe/1000 -> 2559806.3 | K84: =E84*kWh_per_mtoe/1000 -> 10118474 | L84: =F84*kWh_per_mtoe/1000 -> 6132693.5 | M84: =G84*kWh_per_mtoe/1000 -> 7235374.2 | N84: =H84*kWh_per_mtoe/1000 -> 9.4302344e+08 | O84: =I84*kWh_per_mtoe/1000 -> 10129111
B85: Total | D85: =SUM(D52:D84) -> 20.902137 | E85: =SUM(E52:E84) -> 15.387735 | F85: =SUM(F52:F84) -> 70.133091 | G85: =SUM(G52:G84) -> 14.425611 | H85: =SUM(H52:H84) -> 685.85282 | I85: =SUM(I52:I84) -> 51.527353 | J85: =SUM(J52:J84) -> 2.4309185e+08 | K85: =SUM(K52:K84) -> 1.7895936e+08 | ... O85: =SUM(O52:O84) -> 5.9926311e+08
B88: Table 1.3 Sub-national estimates of non gas, non electricity and non road transport fuels, 2023 (ktoe)
B90: LA name | C90: LA code | D90: Thousand tonnes of oil equivalent
D91: Petroleum | J91: Coal | L91: Manufactured Solid Fuels | N91: Bioenergy and wastes (3) | P91: All Fuels
D92: Industrial | E92: Domestic | F92: Rail | G92: Public Administration | H92: Commercial | I92: Agriculture (1) | J92: Industrial & Commercial (2) | K92: Domestic | L92: Industrial | M92: Domestic | N92: Industrial | O92: Domestic
B93: Barking and Dagenham | C93: UKI2101 | D93: 12.618298 | E93: 0.21930259 | F93: 0.49316267 | G93: 0.62823711 | H93: 1.4289336 | I93: 0.080407927 | J93: 0.21541794 | K93: 0.38661716 | L93: 0.034125806 | M93: 0.58297943 | N93: 0.80366089 | O93: 2.5754691 | P93: =SUM(D93:O93) -> 20.066612
B94: Barnet | C94: UKI2301 | D94: 23.708792 | E94: 0.72016233 | F94: 2.7889677 | G94: 1.6558854 | H94: 2.9147665 | I94: 0.21522081 | J94: 0.39234316 | K94: 0.29822747 | L94: 0.15336007 | M94: 0.44395053 | N94: 1.4131485 | O94: 3.3406635 | P94: =SUM(D94:O94) -> 38.045488
B95: Bexley | C95: UKI2102 | D95: 5.9504003 | E95: 0.50766984 | F95: 0.2397341 | G95: 0.97453877 | H95: 2.2533863 | I95: 0.1357177 | J95: 0.47195728 | K95: 0.35537201 | L95: 0.051776827 | M95: 0.53725951 | N95: 3.3264757 | O95: 3.2418345 | P95: =SUM(D95:O95) -> 18.046123
B96: Brent | C96: UKI2302 | D96: 11.278818 | E96: 0.41989554 | F96: 4.7080492 | G96: 1.043417 | H96: 3.2532638 | I96: 0.047612552 | J96: 0.63495358 | K96: 0.30980652 | L96: 0.013335658 | M96: 0.4625335 | N96: 2.2386827 | O96: 2.4777238 | P96: =SUM(D96:O96) -> 26.888092
B97: Bromley | C97: UKI2201 | D97: 6.5920806 | E97: 1.1112796 | F97: 0.38419759 | G97: 1.1934049 | H97: 2.2892783 | I97: 0.638406 | J97: 0.26294193 | K97: 0.29119821 | L97: 0.026671316 | M97: 0.44367746 | N97: 0.79867048 | O97: 3.8009106 | P97: =SUM(D97:O97) -> 17.832717
B98: Camden | C98: UKI1102 | D98: 42.194268 | E98: 0.70016421 | F98: 3.4922529 | G98: 3.445795 | H98: 8.2018202 | I98: 0.042394871 | J98: 0.3928681 | K98: 0.073204823 | L98: 0.16160122 | M98: 0.11106742 | N98: 0.97878464 | O98: 0.52199296 | P98: =SUM(D98:O98) -> 60.316214
B99: City of London | C99: UKI1101 | D99: 4.1324785 | E99: 0.025202582 | F99: 0.0014866407 | G99: 0.7438565 | H99: 8.2770298 | I99: 0.021970979 | J99: 0.32634352 | K99: 0.0012203132 | L99: 0.0066678291 | M99: 0.0018257776 | N99: 0.54952534 | O99: 0.0069861946 | P99: =SUM(D99:O99) -> 14.094594
B100: Croydon | C100: UKI2202 | D100: 7.5489605 | E100: 0.73776974 | F100: 0.89278766 | G100: 1.7196701 | H100: 2.1610141 | I100: 0.16422023 | J100: 0.24395945 | K100: 0.50922038 | L100: 0.040006975 | M100: 0.7641364 | N100: 0.84628057 | O100: 4.5035262 | P100: =SUM(D100:O100) -> 20.131552
B101: Ealing | C101: UKI2303 | D101: 19.604094 | E101: 0.52646589 | F101: 1.95125 | G101: 1.1397368 | H101: 2.7799282 | I101: 0.10727095 | J101: 0.79479777 | K101: 0.35245632 | L101: 0.054915955 | M101: 0.53454571 | N101: 1.9951656 | O101: 2.9680418 | P101: =SUM(D101:O101) -> 32.808669
B102: Enfield | C102: UKI2103 | D102: 8.9866637 | E102: 0.51383195 | F102: 0.38458378 | G102: 1.3008842 | H102: 2.4427471 | I102: 0.32766316 | J102: 0.97910085 | K102: 0.42479736 | L102: 0.22083254 | M102: 0.63815535 | N102: 1.2729792 | O102: 3.3149638 | P102: =SUM(D102:O102) -> 20.807203
B103: Greenwich | C103: UKI2104 | D103: 24.167137 | E103: 0.39079156 | F103: 0.14352946 | G103: 1.4206295 | H103: 2.0386216 | I103: 0.07579803 | J103: 0.36111106 | K103: 0.33308699 | L103: 0.0066678291 | M103: 0.50512179 | N103: 1.3499424 | O103: 2.6720161 | P103: =SUM(D103:O103) -> 33.464454
B104: Hackney | C104: UKI1201 | D104: 14.490606 | E104: 0.22906205 | F104: 0.24653377 | G104: 1.4072843 | H104: 2.98797 | I104: 0.028570315 | J104: 0.2128256 | K104: 0.12018045 | L104: 0.092570462 | M104: 0.1819249 | N104: 0.58209656 | O104: 0.72943706 | P104: =SUM(D104:O104) -> 21.309062
... B125: Westminster | C125: UKI1106 | D125: 51.567752 | E125: 0.87003217 | F125: 0.87435122 | G125: 8.1348715 | H125: 21.29088 | I125: 0.091917735 | J125: 0.6221302 | K125: 0.088034061 | L125: 0 | M125: 0.13206966 | N125: 0.87094675 | O125: 0.52731673 | P125: =SUM(D125:O125) -> 85.070301
B126: Total | D126: =SUM(D93:D125) -> 517.09483 | E126: =SUM(E93:E125) -> 15.387735 | F126: =SUM(F93:F125) -> 28.271559 | G126: =SUM(G93:G125) -> 48.57602 | H126: =SUM(H93:H125) -> 115.98357 | I126: =SUM(I93:I125) -> 4.1984025 | J126: =SUM(J93:J125) -> 12.476589 | K126: =SUM(K93:K125) -> 8.3363088 | ... P126: =SUM(P93:P125) -> 886.50031
B128: (1) Excludes the consumption of propane
B129: (2) Includes some coal consumption by auto-generators
B130: (3) Excludes bioenergy and wastes used for electricity generation
B133: Table 1.4 Emissions from grid connected incineration of London's waste, 2023 (tonnes)
F135: GHGs (metric tonnes CO2e) (1)
E136: Tonnes waste | F136: CO2 | G136: CH4 | H136: N2O | I136: Total tCO2e
B137: MSW & Clinical waste incineration | E137: 2825615 | F137: 897284 | G137: 16741 | H137: 50522 | I137: 964548
B138: Sewage sludge incineration | E138: 32891 | F138: 137.30348 | G138: 0 | H138: 8821.3662 | I138: =SUM(F138:H138) -> 8958.6697
B139: (1) Calculated using GPC waste emissions calculator
B141: Table 1.5 Fugitive emissions, 2023 (tonnes)
F143: CO2e Emissions (tonnes)
B144: GPC emission category | C144: Sub-category | D144: Fuel | E144: Activity data (kWh) | F144: CO2 | G144: CH4 | H144: N2O | I144: Total tCO2e emissions (1)
B145: Oil and natural gas: Fugitive emissions from oil and natural gas systems | C145: Natural Gas | D145: Natural gas | E145: =I43+H43 -> 5.2011402e+10 | F145: 301.84418 | G145: 162759.12 | I145: =SUM(F145:G145) -> 163060.96
B147: (1) Calculated using GPC Fugitive gas emissions calculator

Sheet II. Transport 
A1: Transport
A2: 2023
B4: Table 2.1 Transport energy consumption and emissions by borough, 2023 (tCO2, tCH4, tN2O, tCO2e and kWh)
B6: LA name | C6: LA code | D6: tCO2e | I6: kWh | N6: NRMM (2022)
D7: Road | E7: Rail | G7: Aviation | H7: Shipping | I7: Road | J7: Rail | L7: Aviation | M7: Shipping | N7: tCO2 | P7: tCH4 | R7: tN2O | T7: Total tCO2e
E8: Diesel | F8: Electric | J8: Diesel | K8: Electric | N8: Manufacturing Industries | O8: Construction | P8: Manufacturing Industries | Q8: Construction | R8: Manufacturing Industries | S8: Construction | T8: Manufacturing Industries | U8: Construction
B9: Barking and Dagenham | C9: UKI2101 | D9: =SUM(O227+AA227) -> 145096.02 | E9: =AA183 -> 2637.1667 | F9: =AC183 -> 9429.3397 | G9: =AD95 -> 0 | H9: =M139 -> 2592.1492 | I9: =S267+AB267 -> 5.6762706e+08 | J9: =Z183 -> 10281527 | K9: =AB183 -> 48222050 | L9: =AJ51 -> 0 | M9: =L139 -> 3896822.7 | N9: 609.33841 | O9: 1972.4681 | P9: 0.23571199 | Q9: 0.011459424 | R9: 0.093216672 | S9: 0.084820961 | T9: =SUM(N9+P9*25+R9*298) -> 643.00978 | U9: =SUM(O9+Q9*25+S9*298) -> 1998.0312
B10: Barnet | C10: UKI2301 | D10: =SUM(O228+AA228) -> 341742.4 | E10: =AA184 -> 10081.621 | F10: =AC184 -> 20000.265 | G10: =AD96 -> 116.19417 | H10: =M140 -> 0 | I10: =S268+AB268 -> 1.3391161e+09 | J10: =Z184 -> 39301737 | K10: =AB184 -> 1.0228222e+08 | L10: =AJ52 -> 473086.03 | M10: =L140 -> 0 | N10: 482.10597 | O10: 13688.845 | P10: 0.18649433 | Q10: 0.084773851 | R10: 0.073752637 | S10: 0.58753703 | T10: =SUM(N10+P10*25+R10*298) -> 508.74662 | U10: =SUM(O10+Q10*25+S10*298) -> 13866.051
B11: Bexley | C11: UKI2102 | D11: =SUM(O229+AA229) -> 197821.06 | E11: =AA185 -> 1208.9516 | F11: =AC185 -> 7212.3793 | G11: =AD97 -> 5737.4735 | H11: =M141 -> 1187.5295 | I11: =S269+AB269 -> 7.7472429e+08 | J11: =Z185 -> 4707938.6 | K11: =AB185 -> 36884419 | L11: =AJ53 -> 23379056 | M11: =L141 -> 1769215.6 | N11: 463.50767 | O11: 3436.3447 | P11: 0.1792999 | Q11: 0.021355154 | R11: 0.070907466 | S11: 0.14720698 | T11: =SUM(N11+P11*25+R11*298) -> 489.12059 | U11: =SUM(O11+Q11*25+S11*298) -> 3480.7463
B12: Brent | C12: UKI2302 | D12: =SUM(O230+AA230) -> 219967.61 | E12: =AA186 -> 12104.216 | F12: =AC186 -> 21889.1 | G12: =AD98 -> 195.34923 | H12: =M142 -> 0 | I12: =S270+AB270 -> 8.6125274e+08 | J12: =Z186 -> 47170371 | K12: =AB186 -> 1.119418e+08 | L12: =AJ54 -> 795739.37 | M12: =L142 -> 0 | N12: 946.02118 | O12: 13039.759 | P12: 0.36595188 | Q12: 0.08419076 | R12: 0.14472245 | S12: 0.55940148 | T12: =SUM(N12+P12*25+R12*298) -> 998.29727 | U12: =SUM(O12+Q12*25+S12*298) -> 13208.565
B13: Bromley | C13: UKI2201 | D13: =SUM(O231+AA231) -> 276519.58 | E13: =AA187 -> 1479.2363 | F13: =AC187 -> 14787.915 | G13: =AD99 -> 5654.0629 | H13: =M143 -> 0 | I13: =S271+AB271 -> 1.0830977e+09 | J13: =Z187 -> 5761664.9 | K13: =AB187 -> 75626036 | L13: =AJ55 -> 22968811 | M13: =L143 -> 0 | N13: 288.28159 | O13: 2438.3763 | P13: 0.11151673 | Q13: 0.015996767 | R13: 0.044101357 | S13: 0.10444507 | T13: =SUM(N13+P13*25+R13*298) -> 304.21171 | U13: =SUM(O13+Q13*25+S13*298) -> 2469.9009
B14: Camden | C14: UKI1102 | D14: =SUM(O232+AA232) -> 124558.94 | E14: =AA188 -> 12062.942 | F14: =AC188 -> 23892.357 | G14: =AD100 -> 0 | H14: =M144 -> 0 | I14: =S272+AB272 -> 4.9004949e+08 | J14: =Z188 -> 47016888 | K14: =AB188 -> 1.2218654e+08 | L14: =AJ56 -> 0 | M14: =L144 -> 0 | N14: 1178.006 | O14: 65245.288 | P14: 0.45569119 | Q14: 0.28361093 | R14: 0.18021152 | S14: 2.848853 | T14: =SUM(N14+P14*25+R14*298) -> 1243.1013 | U14: =SUM(O14+Q14*25+S14*298) -> 66101.336
B15: City of London | C15: UKI1101 | D15: =SUM(O233+AA233) -> 40781.314 | E15: =AA189 -> 8.4247714 | F15: =AC189 -> 7820.675 | G15: =AD101 -> 203.51953 | H15: =M145 -> 10333.671 | I15: =S273+AB273 -> 1.6081565e+08 | J15: =Z189 -> 32808.02 | K15: =AB189 -> 39995269 | L15: =AJ57 -> 829062.89 | M15: =L145 -> 16385690 | N15: 631.44218 | O15: 2052.3312 | P15: 0.24426245 | Q15: 0.012026286 | R15: 0.09659811 | S15: 0.088461075 | T15: =SUM(N15+P15*25+R15*298) -> 666.33498 | U15: =SUM(O15+Q15*25+S15*298) -> 2078.9932
B16: Croydon | C16: UKI2202 | D16: =SUM(O234+AA234) -> 273956.42 | E16: =AA190 -> 3851.5303 | F16: =AC190 -> 20630.379 | G16: =AD102 -> 261.4797 | H16: =M146 -> 0 | I16: =S274+AB274 -> 1.0726978e+09 | J16: =Z190 -> 15009412 | K16: =AB190 -> 1.0550465e+08 | L16: =AJ58 -> 1065532 | M16: =L146 -> 0 | N16: 167.32445 | O16: 13349.127 | P16: 0.064726561 | Q16: 0.083023115 | R16: 0.025597317 | S16: 0.57222651 | T16: =SUM(N16+P16*25+R16*298) -> 176.57062 | U16: =SUM(O16+Q16*25+S16*298) -> 13521.726
B17: Ealing | C17: UKI2303 | D17: =SUM(O235+AA235) -> 281455.81 | E17: =AA191 -> 4406.9736 | F17: =AC191 -> 20605.496 | G17: =AD103 -> 0 | H17: =M147 -> 0 | I17: =S275+AB275 -> 1.1020915e+09 | J17: =Z191 -> 17166640 | K17: =AB191 -> 1.053774e+08 | L17: =AJ59 -> 0 | M17: =L147 -> 0 | N17: 666.09734 | O17: 19952.324 | P17: 0.2576682 | Q17: 0.12024548 | R17: 0.10189966 | S17: 0.8593578 | T17: =SUM(N17+P17*25+R17*298) -> 702.90515 | U17: =SUM(O17+Q17*25+S17*298) -> 20211.419
B18: Enfield | C18: UKI2103 | D18: =SUM(O236+AA236) -> 397629.71 | E18: =AA192 -> 1231.3567 | F18: =AC192 -> 5932.6511 | G18: =AD104 -> 200.45596 | H18: =M148 -> 0 | I18: =S276+AB276 -> 1.5523391e+09 | J18: =Z192 -> 4795865.6 | K18: =AB192 -> 30339834 | L18: =AJ60 -> 814055.87 | M18: =L148 -> 0 | N18: 732.53123 | O18: 13182.159 | P18: 0.283367 | Q18: 0.080033025 | R18: 0.11206273 | S18: 0.56536202 | T18: =SUM(N18+P18*25+R18*298) -> 773.0101 | U18: =SUM(O18+Q18*25+S18*298) -> 13352.638
B19: Greenwich | C19: UKI2104 | D19: =SUM(O237+AA237) -> 252964.79 | E19: =AA193 -> 781.43264 | F19: =AC193 -> 10028.154 | G19: =AD105 -> 3069.1226 | H19: =M149 -> 5019.9105 | I19: =S277+AB277 -> 9.9116363e+08 | J19: =Z193 -> 3043080.5 | K19: =AB193 -> 51284412 | L19: =AJ61 -> 12504503 | M19: =L149 -> 7651974.6 | N19: 460.60585 | O19: 6428.6763 | P19: 0.17817738 | Q19: 0.040568138 | R19: 0.070463545 | S19: 0.27592624 | T19: =SUM(N19+P19*25+R19*298) -> 486.05842 | U19: =SUM(O19+Q19*25+S19*298) -> 6511.9166
B20: Hackney | C20: UKI1201 | D20: =SUM(O238+AA238) -> 119317.44 | E20: =AA194 -> 1686.004 | F20: =AC194 -> 6487.5544 | G20: =AD106 -> 0 | H20: =M150 -> 0 | I20: =S278+AB278 -> 4.6785257e+08 | J20: =Z194 -> 6565691.6 | K20: =AB194 -> 33177633 | L20: =AJ62 -> 0 | M20: =L150 -> 0 | N20: 360.22015 | O20: 11929.546 | P20: 0.13934491 | Q20: 0.066665241 | R20: 0.055106527 | S20: 0.51291198 | T20: =SUM(N20+P20*25+R20*298) -> 380.12552 | U20: =SUM(O20+Q20*25+S20*298) -> 12084.061
... B40: Wandsworth | C40: UKI1105 | D40: =SUM(O258+AA258) -> 169587.97 | E40: =AA214 -> 2162.4894 | F40: =AC214 -> 20972.944 | G40: =AD126 -> 4408.6295 | H40: =M170 -> 4.2711059 | I40: =S298+AB298 -> 6.6460935e+08 | J40: =Z214 -> 8424906.2 | K40: =AB214 -> 1.0725654e+08 | L40: =AJ82 -> 17910103 | M40: =L170 -> 6239.159 | N40: 555.48639 | O40: 10782.999 | P40: 0.21488027 | Q40: 0.068017057 | R40: 0.084978383 | S40: 0.46245495 | T40: =SUM(N40+P40*25+R40*298) -> 586.18195 | U40: =SUM(O40+Q40*25+S40*298) -> 10922.511
B41: Westminster | C41: UKI1106 | D41: =SUM(O259+AA259) -> 199742.75 | E41: =AA215 -> 1388.611 | F41: =AC215 -> 28452.827 | G41: =AD127 -> 0 | H41: =M171 -> 7185.126 | I41: =S299+AB299 -> 7.8835758e+08 | J41: =Z215 -> 5413523.1 | K41: =AB215 -> 1.4550898e+08 | L41: =AJ56 -> 0 | M41: =L171 -> 11015048 | N41: 1965.4701 | O41: 20715.345 | P41: 0.76030799 | Q41: 0.12283652 | R41: 0.30067788 | S41: 0.89165328 | T41: =SUM(N41+P41*25+R41*298) -> 2074.0798 | U41: =SUM(O41+Q41*25+S41*298) -> 20984.128
B42: Unapportioned | F42: =AC216 -> 0 | K42: =AB216 -> 0
B43: TOTAL | D43: =SUM(D9:D41) -> 6766515.9 | E43: =SUM(E9:E41) -> 84619.158 | F43: =SUM(F9:F42) -> 455284.91 | G43: =SUM(G9:G41) -> 842633.03 | H43: =SUM(H9:H41) -> 58835.909 | I43: =SUM(I9:I41) -> 2.6521619e+10 | J43: =SUM(J9:J41) -> 3.2973046e+08 | K43: =SUM(K9:K42) -> 2.3283467e+09 | L43: =SUM(L9:L41) -> 3.4011872e+09 | M43: =SUM(M9:M41) -> 90399705 | N43: =SUM(N9:N41) -> 17995.772 | O43: =SUM(O9:O41) -> 486781.7 | P43: =SUM(P9:P41) -> 6.9613521 | Q43: =SUM(Q9:Q41) -> 2.8968508 | R43: =SUM(R9:R41) -> 2.7529956 | S43: =SUM(S9:S41) -> 20.988957 | ... U43: =SUM(U9:U41) -> 493108.83
B45: Table 2.2 Aviation fuel use by borough, 2023 (tonnes, litres and kWh)
B47: LA name | C47: LA code | D47: Aviation | AJ47: Total
D48: Heathrow | P48: City | AA48: Battersea | AC48: Biggin Hill | AE48: Northolt | AG48: Denham | AH48: Elstree | AI48: Stapleford
D49: Ground level | E49: Elevated level | F49: Airside vehicle | J49: Landside vehicle | L49: Stationary | P49: Ground level | Q49: Elevated level | R49: Airside vehicle | V49: Landside vehicle | X49: Stationary | AA49: Ground level | AB49: Elevated level | AC49: Ground level | AD49: Elevated level | AE49: Ground level | AF49: Elevated level | AG49: Elevated level | AH49: Elevated level | AI49: Elevated level
D50: t FU_ATF | E50: t FU_ATF | F50: t FU_Diesel | G50: t FU_Gasoil | H50: t FU_HVO (1) | I50: t FU_Petrol | J50: t FU_Diesel | K50: t FU_Petrol | L50: Energy_Gas kWh | M50: Energy_Gasoil kWh | N50: litres_FU_LPG | O50: t FU_Biomass | P50: t FU_ATF | Q50: t FU_ATF | R50: t FU_Diesel | S50: t FU_Gasoil (1) | T50: t FU_HVO (2) | U50: t FU_Petrol | V50: litres FU_Diesel | W50: litres FU_Petrol | X50: Energy_Gas (kWh) | Y50: Energy_Gasoil (kWh) | Z50: litres FU_LPG | AA50: t FU_ATF | AB50: t FU_ATF | AC50: t FU_ATF | AD50: t FU_ATF | AE50: t FU_ATF | AF50: t FU_ATF | AG50: t FU_ATF | AH50: t FU_ATF | AI50: t FU_ATF | AJ50: kWh
B51: Barking and Dagenham | C51: UKI2101 | D51: 0 | E51: 0 | F51: 0 | G51: 0 | H51: 0 | I51: 0 | J51: 0 | K51: 0 | L51: 0 | M51: 0 | N51: 0 | O51: 0 | P51: 0 | Q51: 0 | R51: 0 | S51: 0 | T51: 0 | U51: 0 | V51: 0 | W51: 0 | X51: 0 | Y51: 0 | Z51: 0 | AA51: 0 | AB51: 0 | AC51: 0 | AD51: 0 | AE51: 0 | AF51: 0 | AG51: 0 | AH51: 0 | AI51: 0 | AJ51: =((D51+E51+P51+Q51+SUM(AA51:AI51))*'Emission & Conversion Factors'!$H$232*1000)+((F51+R51)*'Emission & Conversion Factors'!$H$240*1000)+((G51+S51)*'Emission & Conversion Factors'!$H$242*1000)+((H51+T51)*'Emission & Conversion Factors'!$H$254*1000)+((I51+U51)*'Emission & Conversion Factors'!$H$251*1000)+((J51+V51)*'Emission & Conversion Factors'!$J$240)+((K51+W51)*'Emission & Conversion Factors'!$J$251) -> 0
B52: Barnet | C52: UKI2301 | D52: 0 | E52: 0 | F52: 0 | G52: 0 | H52: 0 | I52: 0 | J52: 0 | K52: 0 | L52: 0 | M52: 0 | N52: 0 | O52: 0 | P52: 0 | Q52: 0 | R52: 0 | S52: 0 | T52: 0 | U52: 0 | V52: 0 | W52: 0 | X52: 0 | Y52: 0 | Z52: 0 | AA52: 0 | AB52: 0 | AC52: 0 | AD52: 0 | AE52: 0 | AF52: 36.850446 | AG52: 0 | AH52: 0 | AI52: 0 | AJ52: =((D52+E52+P52+Q52+SUM(AA52:AI52))*'Emission & Conversion Factors'!$H$232*1000)+((F52+R52)*'Emission & Conversion Factors'!$H$240*1000)+((G52+S52)*'Emission & Conversion Factors'!$H$242*1000)+((H52+T52)*'Emission & Conversion Factors'!$H$254*1000)+((I52+U52)*'Emission & Conversion Factors'!$H$251*1000)+((J52+V52)*'Emission & Conversion Factors'!$J$240)+((K52+W52)*'Emission & Conversion Factors'!$J$251) -> 473086.03
B53: Bexley | C53: UKI2102 | D53: 0 | E53: 0 | F53: 0 | G53: 0 | H53: 0 | I53: 0 | J53: 0 | K53: 0 | L53: 0 | M53: 0 | N53: 0 | O53: 0 | P53: 0 | Q53: 1720.3911 | R53: 0 | S53: 0 | T53: 0 | U53: 0 | V53: 0 | W53: 0 | X53: 0 | Y53: 0 | Z53: 0 | AA53: 0 | AB53: 0 | AC53: 0 | AD53: 100.69131 | AE53: 0 | AF53: 0 | AG53: 0 | AH53: 0 | AI53: 0 | AJ53: =((D53+E53+P53+Q53+SUM(AA53:AI53))*'Emission & Conversion Factors'!$H$232*1000)+((F53+R53)*'Emission & Conversion Factors'!$H$240*1000)+((G53+S53)*'Emission & Conversion Factors'!$H$242*1000)+((H53+T53)*'Emission & Conversion Factors'!$H$254*1000)+((I53+U53)*'Emission & Conversion Factors'!$H$251*1000)+((J53+V53)*'Emission & Conversion Factors'!$J$240)+((K53+W53)*'Emission & Conversion Factors'!$J$251) -> 23379056
B54: Brent | C54: UKI2302 | D54: 0 | E54: 0 | F54: 0 | G54: 0 | H54: 0 | I54: 0 | J54: 0 | K54: 0 | L54: 0 | M54: 0 | N54: 0 | O54: 0 | P54: 0 | Q54: 0 | R54: 0 | S54: 0 | T54: 0 | U54: 0 | V54: 0 | W54: 0 | X54: 0 | Y54: 0 | Z54: 0 | AA54: 0 | AB54: 0 | AC54: 0 | AD54: 0 | AE54: 0 | AF54: 61.983126 | AG54: 0 | AH54: 0 | AI54: 0 | AJ54: =((D54+E54+P54+Q54+SUM(AA54:AI54))*'Emission & Conversion Factors'!$H$232*1000)+((F54+R54)*'Emission & Conversion Factors'!$H$240*1000)+((G54+S54)*'Emission & Conversion Factors'!$H$242*1000)+((H54+T54)*'Emission & Conversion Factors'!$H$254*1000)+((I54+U54)*'Emission & Conversion Factors'!$H$251*1000)+((J54+V54)*'Emission & Conversion Factors'!$J$240)+((K54+W54)*'Emission & Conversion Factors'!$J$251) -> 795739.37
B55: Bromley | C55: UKI2201 | D55: 0 | E55: 0 | F55: 0 | G55: 0 | H55: 0 | I55: 0 | J55: 0 | K55: 0 | L55: 0 | M55: 0 | N55: 0 | O55: 0 | P55: 0 | Q55: 0 | R55: 0 | S55: 0 | T55: 0 | U55: 0 | V55: 0 | W55: 0 | X55: 0 | Y55: 0 | Z55: 0 | AA55: 0 | AB55: 0 | AC55: 1153.8059 | AD55: 635.32101 | AE55: 0 | AF55: 0 | AG55: 0 | AH55: 0 | AI55: 0 | AJ55: =((D55+E55+P55+Q55+SUM(AA55:AI55))*'Emission & Conversion Factors'!$H$232*1000)+((F55+R55)*'Emission & Conversion Factors'!$H$240*1000)+((G55+S55)*'Emission & Conversion Factors'!$H$242*1000)+((H55+T55)*'Emission & Conversion Factors'!$H$254*1000)+((I55+U55)*'Emission & Conversion Factors'!$H$251*1000)+((J55+V55)*'Emission & Conversion Factors'!$J$240)+((K55+W55)*'Emission & Conversion Factors'!$J$251) -> 22968811
B56: Camden | C56: UKI1102 | D56: 0 | E56: 0 | F56: 0 | G56: 0 | H56: 0 | I56: 0 | J56: 0 | K56: 0 | L56: 0 | M56: 0 | N56: 0 | O56: 0 | P56: 0 | Q56: 0 | R56: 0 | S56: 0 | T56: 0 | U56: 0 | V56: 0 | W56: 0 | X56: 0 | Y56: 0 | Z56: 0 | AA56: 0 | AB56: 0 | AC56: 0 | AD56: 0 | AE56: 0 | AF56: 0 | AG56: 0 | AH56: 0 | AI56: 0 | AJ56: =((D56+E56+P56+Q56+SUM(AA56:AI56))*'Emission & Conversion Factors'!$H$232*1000)+((F56+R56)*'Emission & Conversion Factors'!$H$240*1000)+((G56+S56)*'Emission & Conversion Factors'!$H$242*1000)+((H56+T56)*'Emission & Conversion Factors'!$H$254*1000)+((I56+U56)*'Emission & Conversion Factors'!$H$251*1000)+((J56+V56)*'Emission & Conversion Factors'!$J$240)+((K56+W56)*'Emission & Conversion Factors'!$J$251) -> 0
B57: City of London | C57: UKI1101 | D57: 0 | E57: 0 | F57: 0 | G57: 0 | H57: 0 | I57: 0 | J57: 0 | K57: 0 | L57: 0 | M57: 0 | N57: 0 | O57: 0 | P57: 0 | Q57: 64.57882 | R57: 0 | S57: 0 | T57: 0 | U57: 0 | V57: 0 | W57: 0 | X57: 0 | Y57: 0 | Z57: 0 | AA57: 0 | AB57: 0 | AC57: 0 | AD57: 0 | AE57: 0 | AF57: 0 | AG57: 0 | AH57: 0 | AI57: 0 | AJ57: =((D57+E57+P57+Q57+SUM(AA57:AI57))*'Emission & Conversion Factors'!$H$232*1000)+((F57+R57)*'Emission & Conversion Factors'!$H$240*1000)+((G57+S57)*'Emission & Conversion Factors'!$H$242*1000)+((H57+T57)*'Emission & Conversion Factors'!$H$254*1000)+((I57+U57)*'Emission & Conversion Factors'!$H$251*1000)+((J57+V57)*'Emission & Conversion Factors'!$J$240)+((K57+W57)*'Emission & Conversion Factors'!$J$251) -> 829062.89
B58: Croydon | C58: UKI2202 | D58: 0 | E58: 0 | F58: 0 | G58: 0 | H58: 0 | I58: 0 | J58: 0 | K58: 0 | L58: 0 | M58: 0 | N58: 0 | O58: 0 | P58: 0 | Q58: 0 | R58: 0 | S58: 0 | T58: 0 | U58: 0 | V58: 0 | W58: 0 | X58: 0 | Y58: 0 | Z58: 0 | AA58: 0 | AB58: 0 | AC58: 0 | AD58: 82.998284 | AE58: 0 | AF58: 0 | AG58: 0 | AH58: 0 | AI58: 0 | AJ58: =((D58+E58+P58+Q58+SUM(AA58:AI58))*'Emission & Conversion Factors'!$H$232*1000)+((F58+R58)*'Emission & Conversion Factors'!$H$240*1000)+((G58+S58)*'Emission & Conversion Factors'!$H$242*1000)+((H58+T58)*'Emission & Conversion Factors'!$H$254*1000)+((I58+U58)*'Emission & Conversion Factors'!$H$251*1000)+((J58+V58)*'Emission & Conversion Factors'!$J$240)+((K58+W58)*'Emission & Conversion Factors'!$J$251) -> 1065532
B59: Ealing | C59: UKI2303 | D59: 0 | E59: 0 | F59: 0 | G59: 0 | H59: 0 | I59: 0 | J59: 0 | K59: 0 | L59: 0 | M59: 0 | N59: 0 | O59: 0 | P59: 0 | Q59: 0 | R59: 0 | S59: 0 | T59: 0 | U59: 0 | V59: 0 | W59: 0 | X59: 0 | Y59: 0 | Z59: 0 | AA59: 0 | AB59: 0 | AC59: 0 | AD59: 0 | AE59: 0 | AF59: 0 | AG59: 0 | AH59: 0 | AI59: 0 | AJ59: =((D59+E59+P59+Q59+SUM(AA59:AI59))*'Emission & Conversion Factors'!$H$232*1000)+((F59+R59)*'Emission & Conversion Factors'!$H$240*1000)+((G59+S59)*'Emission & Conversion Factors'!$H$242*1000)+((H59+T59)*'Emission & Conversion Factors'!$H$254*1000)+((I59+U59)*'Emission & Conversion Factors'!$H$251*1000)+((J59+V59)*'Emission & Conversion Factors'!$J$240)+((K59+W59)*'Emission & Conversion Factors'!$J$251) -> 0
B60: Enfield | C60: UKI2103 | D60: 0 | E60: 0 | F60: 0 | G60: 0 | H60: 0 | I60: 0 | J60: 0 | K60: 0 | L60: 0 | M60: 0 | N60: 0 | O60: 0 | P60: 0 | Q60: 48.141085 | R60: 0 | S60: 0 | T60: 0 | U60: 0 | V60: 0 | W60: 0 | X60: 0 | Y60: 0 | Z60: 0 | AA60: 0 | AB60: 0 | AC60: 0 | AD60: 0 | AE60: 0 | AF60: 0 | AG60: 0 | AH60: 15.268781 | AI60: 0 | AJ60: =((D60+E60+P60+Q60+SUM(AA60:AI60))*'Emission & Conversion Factors'!$H$232*1000)+((F60+R60)*'Emission & Conversion Factors'!$H$240*1000)+((G60+S60)*'Emission & Conversion Factors'!$H$242*1000)+((H60+T60)*'Emission & Conversion Factors'!$H$254*1000)+((I60+U60)*'Emission & Conversion Factors'!$H$251*1000)+((J60+V60)*'Emission & Conversion Factors'!$J$240)+((K60+W60)*'Emission & Conversion Factors'!$J$251) -> 814055.87
B61: Greenwich | C61: UKI2104 | D61: 0 | E61: 0 | F61: 0 | G61: 0 | H61: 0 | I61: 0 | J61: 0 | K61: 0 | L61: 0 | M61: 0 | N61: 0 | O61: 0 | P61: 0 | Q61: 974.02263 | R61: 0 | S61: 0 | T61: 0 | U61: 0 | V61: 0 | W61: 0 | X61: 0 | Y61: 0 | Z61: 0 | AA61: 0 | AB61: 0 | AC61: 0 | AD61: 0 | AE61: 0 | AF61: 0 | AG61: 0 | AH61: 0 | AI61: 0 | AJ61: =((D61+E61+P61+Q61+SUM(AA61:AI61))*'Emission & Conversion Factors'!$H$232*1000)+((F61+R61)*'Emission & Conversion Factors'!$H$240*1000)+((G61+S61)*'Emission & Conversion Factors'!$H$242*1000)+((H61+T61)*'Emission & Conversion Factors'!$H$254*1000)+((I61+U61)*'Emission & Conversion Factors'!$H$251*1000)+((J61+V61)*'Emission & Conversion Factors'!$J$240)+((K61+W61)*'Emission & Conversion Factors'!$J$251) -> 12504503
B62: Hackney | C62: UKI1201 | D62: 0 | E62: 0 | F62: 0 | G62: 0 | H62: 0 | I62: 0 | J62: 0 | K62: 0 | L62: 0 | M62: 0 | N62: 0 | O62: 0 | P62: 0 | Q62: 0 | R62: 0 | S62: 0 | T62: 0 | U62: 0 | V62: 0 | W62: 0 | X62: 0 | Y62: 0 | Z62: 0 | AA62: 0 | AB62: 0 | AC62: 0 | AD62: 0 | AE62: 0 | AF62: 0 | AG62: 0 | AH62: 0 | AI62: 0 | AJ62: =((D62+E62+P62+Q62+SUM(AA62:AI62))*'Emission & Conversion Factors'!$H$232*1000)+((F62+R62)*'Emission & Conversion Factors'!$H$240*1000)+((G62+S62)*'Emission & Conversion Factors'!$H$242*1000)+((H62+T62)*'Emission & Conversion Factors'!$H$254*1000)+((I62+U62)*'Emission & Conversion Factors'!$H$251*1000)+((J62+V62)*'Emission & Conversion Factors'!$J$240)+((K62+W62)*'Emission & Conversion Factors'!$J$251) -> 0
... B83: Westminster | C83: UKI1106 | D83: 0 | E83: 0 | F83: 0 | G83: 0 | H83: 0 | I83: 0 | J83: 0 | K83: 0 | L83: 0 | M83: 0 | N83: 0 | O83: 0 | P83: 0 | Q83: 0 | R83: 0 | S83: 0 | T83: 0 | U83: 0 | V83: 0 | W83: 0 | X83: 0 | Y83: 0 | Z83: 0 | AA83: 0 | AB83: 0 | AC83: 0 | AD83: 0 | AE83: 0 | AF83: 0 | AG83: 0 | AH83: 0 | AI83: 0 | AJ83: =((D83+E83+P83+Q83+SUM(AA83:AI83))*'Emission & Conversion Factors'!$H$232*1000)+((F83+R83)*'Emission & Conversion Factors'!$H$240*1000)+((G83+S83)*'Emission & Conversion Factors'!$H$242*1000)+((H83+T83)*'Emission & Conversion Factors'!$H$254*1000)+((I83+U83)*'Emission & Conversion Factors'!$H$251*1000)+((J83+V83)*'Emission & Conversion Factors'!$J$240)+((K83+W83)*'Emission & Conversion Factors'!$J$251) -> 0
B84: TOTAL | D84: =SUM(D51:D83) -> 182079.85 | E84: =SUM(E51:E83) -> 60783.619 | F84: =SUM(F51:F83) -> 6200.5795 | G84: =SUM(G51:G83) -> 977.77428 | H84: =SUM(H51:H83) -> 306.13066 | I84: =SUM(I51:I83) -> 527.44103 | J84: =SUM(J51:J83) -> 650.82573 | K84: =SUM(K51:K83) -> 1173.0229 | ... AJ84: =SUM(AJ51:AJ83) -> 3.4011872e+09
B86: (1) HVO - Hydrotreated Vegetable Oil fuel
B89: Table 2.3 Aviation emissions by borough, 2023 (tCO2e)
B91: LA name | C91: LA code | D91: Aviation
D92: Heathrow | I92: London City | N92: Battersea | P92: Biggin Hill | R92: Northolt | T92: Denham | V92: Elstree | X92: Stapleford | Z92: Total (excl Stationary) (2)
D93: Ground level | E93: Elevated level | F93: Airside vehicle | G93: Landside vehicle | H93: Stationary | I93: Ground level | J93: Elevated level | K93: Airside vehicle | L93: Landside vehicle | M93: Stationary | N93: Ground level | O93: Elevated level | P93: Ground level | Q93: Elevated level | R93: Ground level | S93: Elevated level | T93: Ground level | U93: Elevated level | V93: Ground level | W93: Elevated level | X93: Ground level | Y93: Elevated level | Z93: Ground level | AA93: Elevated Level | AB93: Airside | AC93: Landside | AD93: Grand total
D94: tCO2e | E94: tCO2e | F94: tCO2e Diesel | G94: tCO2e Diesel | H94: tCO2e | I94: tCO2e | J94: tCO2e | K94: tCO2e Diesel | L94: tCO2e Diesel | M94: tCO2e | N94: tCO2e | O94: tCO2e | P94: tCO2e | Q94: tCO2e | R94: tCO2e | S94: tCO2e | T94: tCO2e | U94: tCO2e | V94: tCO2e | W94: tCO2e | X94: tCO2e | Y94: tCO2e | Z94: tCO2e | AA94: tCO2e | AB94: tCO2e | AC94: tCO2e | AD94: tCO2e
B95: Barking and Dagenham | C95: UKI2101 | D95: 0 | E95: 0 | F95: 0 | G95: 0 | H95: 0 | I95: 0 | J95: 0 | K95: 0 | L95: 0 | M95: 0 | N95: 0 | O95: 0 | P95: 0 | Q95: 0 | R95: 0 | S95: 0 | T95: 0 | U95: 0 | V95: 0 | W95: 0 | X95: 0 | Y95: 0 | Z95: 0 | AA95: 0 | AB95: 0 | AC95: 0 | AD95: =SUM(Z95:AC95) -> 0
B96: Barnet | C96: UKI2301 | D96: 0 | E96: 0 | F96: 0 | G96: 0 | H96: 0 | I96: 0 | J96: 0 | K96: 0 | L96: 0 | M96: 0 | N96: 0 | O96: 0 | P96: 0 | Q96: 0 | R96: 0 | S96: 116.19417 | T96: 0 | U96: 0 | V96: 0 | W96: 0 | X96: 0 | Y96: 0 | Z96: 0 | AA96: 116.19417 | AB96: 0 | AC96: 0 | AD96: =SUM(Z96:AC96) -> 116.19417
B97: Bexley | C97: UKI2102 | D97: 0 | E97: 0 | F97: 0 | G97: 0 | H97: 0 | I97: 0 | J97: 5420.1244 | K97: 0 | L97: 0 | M97: 0 | N97: 0 | O97: 0 | P97: 0 | Q97: 317.34903 | R97: 0 | S97: 0 | T97: 0 | U97: 0 | V97: 0 | W97: 0 | X97: 0 | Y97: 0 | Z97: 0 | AA97: 5737.4735 | AB97: 0 | AC97: 0 | AD97: =SUM(Z97:AC97) -> 5737.4735
B98: Brent | C98: UKI2302 | D98: 0 | E98: 0 | F98: 0 | G98: 0 | H98: 0 | I98: 0 | J98: 0 | K98: 0 | L98: 0 | M98: 0 | N98: 0 | O98: 0 | P98: 0 | Q98: 0 | R98: 0 | S98: 195.34923 | T98: 0 | U98: 0 | V98: 0 | W98: 0 | X98: 0 | Y98: 0 | Z98: 0 | AA98: 195.34923 | AB98: 0 | AC98: 0 | AD98: =SUM(Z98:AC98) -> 195.34923
B99: Bromley | C99: UKI2201 | D99: 0 | E99: 0 | F99: 0 | G99: 0 | H99: 0 | I99: 0 | J99: 0 | K99: 0 | L99: 0 | M99: 0 | N99: 0 | O99: 0 | P99: 3650.3115 | Q99: 2003.7514 | R99: 0 | S99: 0 | T99: 0 | U99: 0 | V99: 0 | W99: 0 | X99: 0 | Y99: 0 | Z99: 3650.3115 | AA99: 2003.7514 | AB99: 0 | AC99: 0 | AD99: =SUM(Z99:AC99) -> 5654.0629
B100: Camden | C100: UKI1102 | D100: 0 | E100: 0 | F100: 0 | G100: 0 | H100: 0 | I100: 0 | J100: 0 | K100: 0 | L100: 0 | M100: 0 | N100: 0 | O100: 0 | P100: 0 | Q100: 0 | R100: 0 | S100: 0 | T100: 0 | U100: 0 | V100: 0 | W100: 0 | X100: 0 | Y100: 0 | Z100: 0 | AA100: 0 | AB100: 0 | AC100: 0 | AD100: =SUM(Z100:AC100) -> 0
B101: City of London | C101: UKI1101 | D101: 0 | E101: 0 | F101: 0 | G101: 0 | H101: 0 | I101: 0 | J101: 203.51953 | K101: 0 | L101: 0 | M101: 0 | N101: 0 | O101: 0 | P101: 0 | Q101: 0 | R101: 0 | S101: 0 | T101: 0 | U101: 0 | V101: 0 | W101: 0 | X101: 0 | Y101: 0 | Z101: 0 | AA101: 203.51953 | AB101: 0 | AC101: 0 | AD101: =SUM(Z101:AC101) -> 203.51953
B102: Croydon | C102: UKI2202 | D102: 0 | E102: 0 | F102: 0 | G102: 0 | H102: 0 | I102: 0 | J102: 0 | K102: 0 | L102: 0 | M102: 0 | N102: 0 | O102: 0 | P102: 0 | Q102: 261.4797 | R102: 0 | S102: 0 | T102: 0 | U102: 0 | V102: 0 | W102: 0 | X102: 0 | Y102: 0 | Z102: 0 | AA102: 261.4797 | AB102: 0 | AC102: 0 | AD102: =SUM(Z102:AC102) -> 261.4797
B103: Ealing | C103: UKI2303 | D103: 0 | E103: 0 | F103: 0 | G103: 0 | H103: 0 | I103: 0 | J103: 0 | K103: 0 | L103: 0 | M103: 0 | N103: 0 | O103: 0 | P103: 0 | Q103: 0 | R103: 0 | S103: 0 | T103: 0 | U103: 0 | V103: 0 | W103: 0 | X103: 0 | Y103: 0 | Z103: 0 | AA103: 0 | AB103: 0 | AC103: 0 | AD103: =SUM(Z103:AC103) -> 0
B104: Enfield | C104: UKI2103 | D104: 0 | E104: 0 | F104: 0 | G104: 0 | H104: 0 | I104: 0 | J104: 152.07393 | K104: 0 | L104: 0 | M104: 0 | N104: 0 | O104: 0 | P104: 0 | Q104: 0 | R104: 0 | S104: 0 | T104: 0 | U104: 0 | V104: 48.382032 | W104: 0 | X104: 0 | Y104: 0 | Z104: 48.382032 | AA104: 152.07393 | AB104: 0 | AC104: 0 | AD104: =SUM(Z104:AC104) -> 200.45596
B105: Greenwich | C105: UKI2104 | D105: 0 | E105: 0 | F105: 0 | G105: 0 | H105: 0 | I105: 0 | J105: 3069.1226 | K105: 0 | L105: 0 | M105: 0 | N105: 0 | O105: 0 | P105: 0 | Q105: 0 | R105: 0 | S105: 0 | T105: 0 | U105: 0 | V105: 0 | W105: 0 | X105: 0 | Y105: 0 | Z105: 0 | AA105: 3069.1226 | AB105: 0 | AC105: 0 | AD105: =SUM(Z105:AC105) -> 3069.1226
B106: Hackney | C106: UKI1201 | D106: 0 | E106: 0 | F106: 0 | G106: 0 | H106: 0 | I106: 0 | J106: 0 | K106: 0 | L106: 0 | M106: 0 | N106: 0 | O106: 0 | P106: 0 | Q106: 0 | R106: 0 | S106: 0 | T106: 0 | U106: 0 | V106: 0 | W106: 0 | X106: 0 | Y106: 0 | Z106: 0 | AA106: 0 | AB106: 0 | AC106: 0 | AD106: =SUM(Z106:AC106) -> 0
... B127: Westminster | C127: UKI1106 | D127: 0 | E127: 0 | F127: 0 | G127: 0 | H127: 0 | I127: 0 | J127: 0 | K127: 0 | L127: 0 | M127: 0 | N127: 0 | O127: 0 | P127: 0 | Q127: 0 | R127: 0 | S127: 0 | T127: 0 | U127: 0 | V127: 0 | W127: 0 | X127: 0 | Y127: 0 | Z127: 0 | AA127: 0 | AB127: 0 | AC127: 0 | AD127: =SUM(Z127:AC127) -> 0
B128: TOTAL | D128: =SUM(D95:D127) -> 574932.89 | E128: =SUM(E95:E127) -> 191497.28 | F128: =SUM(F95:F127) -> 25548.449 | G128: =SUM(G95:G127) -> 5749.0484 | H128: =SUM(H95:H127) -> 111106.76 | I128: =SUM(I95:I127) -> 13305.561 | J128: =SUM(J95:J127) -> 22111.255 | K128: =SUM(K95:K127) -> 1.1683033 | ... AD128: =SUM(AD95:AD127) -> 842633.03
B130: Notes:
B131: (1) Emissions include CO2 and CH4 only
B132: (2) Stationary emissions are included under the total Industry and Commercial emissions as they pertain to emissions from airport buildings
B134: Table 2.4 Shipping energy use and CO2 emissions, 2023 (kWh, tCO2, tCH4, tN20 and tCO2e) (1)
B136: LA name | C136: LA code | D136: Shipping | L136: Total
D137: Commercial | H137: Passenger
D138: kWh | E138: tCO2 | F138: tCH4 | G138: tN2O | H138: kWh | I138: tCO2 | J138: tCH4 | K138: tN2O | L138: Total kWh | M138: Total tCO2e
B139: Barking and Dagenham | C139: UKI2101 | D139: 3842980.3 | E139: 2417.2346 | F139: 105.58363 | G139: 34.282236 | H139: 53842.369 | I139: 33.86685 | J139: 0.70155794 | K139: 0.48031389 | L139: =H139+D139 -> 3896822.7 | M139: =SUM(E139,F139,G139,I139,J139,K139) -> 2592.1492
B140: Barnet | C140: UKI2301 | D140: 0 | E140: 0 | F140: 0 | G140: 0 | H140: 0 | I140: 0 | J140: 0 | K140: 0 | L140: =H140+D140 -> 0 | M140: =SUM(E140,F140,G140,I140,J140,K140) -> 0
B141: Bexley | C141: UKI2102 | D141: 1734345.9 | E141: 1090.9035 | F141: 58.413601 | G141: 15.475391 | H141: 34869.731 | I141: 21.933061 | J141: 0.49284936 | K141: 0.31106388 | L141: =H141+D141 -> 1769215.6 | M141: =SUM(E141,F141,G141,I141,J141,K141) -> 1187.5295
B142: Brent | C142: UKI2302 | D142: 0 | E142: 0 | F142: 0 | G142: 0 | H142: 0 | I142: 0 | J142: 0 | K142: 0 | L142: =H142+D142 -> 0 | M142: =SUM(E142,F142,G142,I142,J142,K142) -> 0
B143: Bromley | C143: UKI2201 | D143: 0 | E143: 0 | F143: 0 | G143: 0 | H143: 0 | I143: 0 | J143: 0 | K143: 0 | L143: =H143+D143 -> 0 | M143: =SUM(E143,F143,G143,I143,J143,K143) -> 0
B144: Camden | C144: UKI1102 | D144: 0 | E144: 0 | F144: 0 | G144: 0 | H144: 0 | I144: 0 | J144: 0 | K144: 0 | L144: =H144+D144 -> 0 | M144: =SUM(E144,F144,G144,I144,J144,K144) -> 0
B145: City of London | C145: UKI1101 | D145: 298760.31 | E145: 187.92023 | F145: 10.870824 | G145: 2.6651637 | H145: 16086930 | I145: 10118.679 | J145: 10.870824 | K145: 2.6651637 | L145: =H145+D145 -> 16385690 | M145: =SUM(E145,F145,G145,I145,J145,K145) -> 10333.671
B146: Croydon | C146: UKI2202 | D146: 0 | E146: 0 | F146: 0 | G146: 0 | H146: 0 | I146: 0 | J146: 0 | K146: 0 | L146: =H146+D146 -> 0 | M146: =SUM(E146,F146,G146,I146,J146,K146) -> 0
B147: Ealing | C147: UKI2303 | D147: 0 | E147: 0 | F147: 0 | G147: 0 | H147: 0 | I147: 0 | J147: 0 | K147: 0 | L147: =H147+D147 -> 0 | M147: =SUM(E147,F147,G147,I147,J147,K147) -> 0
B148: Enfield | C148: UKI2103 | D148: 0 | E148: 0 | F148: 0 | G148: 0 | H148: 0 | I148: 0 | J148: 0 | K148: 0 | L148: =H148+D148 -> 0 | M148: =SUM(E148,F148,G148,I148,J148,K148) -> 0
B149: Greenwich | C149: UKI2104 | D149: 4492875.6 | E149: 2826.0187 | F149: 84.010828 | G149: 40.399102 | H149: 3159099.1 | I149: 1987.0733 | J149: 54.227004 | K149: 28.181508 | L149: =H149+D149 -> 7651974.6 | M149: =SUM(E149,F149,G149,I149,J149,K149) -> 5019.9105
B150: Hackney | C150: UKI1201 | D150: 0 | E150: 0 | F150: 0 | G150: 0 | H150: 0 | I150: 0 | J150: 0 | K150: 0 | L150: =H150+D150 -> 0 | M150: =SUM(E150,F150,G150,I150,J150,K150) -> 0
... B171: Westminster | C171: UKI1106 | D171: 523357.43 | E171: 329.19182 | F171: 18.799539 | G171: 4.6687367 | H171: 10491691 | I171: 6599.2736 | J171: 139.59863 | K171: 93.59367 | L171: =H171+D171 -> 11015048 | M171: =SUM(E171,F171,G171,I171,J171,K171) -> 7185.126
B172: TOTAL | D172: =SUM(D139:D171) -> 18979571 | E172: =SUM(E139:E171) -> 11938.15 | F172: =SUM(F139:F171) -> 495.04812 | G172: =SUM(G139:G171) -> 171.79174 | H172: =SUM(H139:H171) -> 71420134 | I172: =SUM(I139:I171) -> 44923.264 | J172: =SUM(J139:J171) -> 811.37655 | K172: =SUM(K139:K171) -> 496.27841 | ... M172: =SUM(M139:M171) -> 58835.909
B174: Notes
B175: (1) Shipping data is forecasted data from Port of London Authority data in 2021.
B178: Table 2.5 Rail energy use and CO2e emissions, 2023 (kWh and tCO2e)
B180: LA name | C180: LA code | D180: Rail | R180: TfL (Electric) | Z180: Total
D181: Passenger_Diesel | F181: Passenger_Electric | H181: Passenger_Total | J181: Freight_Diesel | L181: Freight_Electric | N181: Freight_Total | P181: Rail_Total | R181: London Underground | T181: DLR | V181: London Tram | X181: Total | Z181: Diesel | AB181: Electric | AD181: Overall
D182: kWh | E182: tCO2e | F182: kWh | G182: tCO2e | H182: kWh | I182: tCO2e | J182: kWh | K182: tCO2e | L182: kWh | M182: tCO2e | N182: kWh | O182: tCO2e | P182: kWh | Q182: tCO2e | R182: kWh | S182: tCO2e | T182: kWh | U182: tCO2e | V182: kWh | W182: tCO2e | X182: kWh | Y182: tCO2e | Z182: kWh | AA182: tCO2e | AB182: kWh | AC182: tCO2e | AD182: kWh | AE182: tCO2e
B183: Barking and Dagenham | C183: UKI2101 | D183: 0 | E183: 0 | F183: 29712213 | G183: 5809.9262 | H183: 29712213 | I183: 5809.9262 | J183: 10281527 | K183: 2637.1667 | L183: 262151.63 | M183: 51.26113 | N183: 10543678 | O183: 2688.4278 | P183: 40255892 | Q183: 8498.354 | R183: 18247685 | S183: 3568.1523 | T183: 0 | U183: 0 | V183: 0 | W183: 0 | X183: 18247685 | Y183: 3568.1523 | Z183: 10281527 | AA183: 2637.1667 | AB183: 48222050 | AC183: 9429.3397 | AD183: 58503577 | AE183: 12066.506
B184: Barnet | C184: UKI2301 | D184: 36253983 | E184: 9298.9882 | F184: 39700618 | G184: 7763.0589 | H184: 75954601 | I184: 17062.047 | J184: 3047754.2 | K184: 782.63281 | L184: 63449.646 | M184: 12.406944 | N184: 3111203.9 | O184: 795.03976 | P184: 79065805 | Q184: 17857.087 | R184: 62518153 | S184: 12224.8 | T184: 0 | U184: 0 | V184: 0 | W184: 0 | X184: 62518153 | Y184: 12224.8 | Z184: 39301737 | AA184: 10081.621 | AB184: 1.0228222e+08 | AC184: 20000.265 | AD184: 1.4158396e+08 | AE184: 30081.887
B185: Bexley | C185: UKI2102 | D185: 0 | E185: 0 | F185: 36882833 | G185: 7212.0692 | H185: 36882833 | I185: 7212.0692 | J185: 4707938.6 | K185: 1208.9516 | L185: 1585.653 | M185: 0.3100586 | N185: 4709524.3 | O185: 1209.2616 | P185: 41592358 | Q185: 8421.3308 | R185: 0 | S185: 0 | T185: 0 | U185: 0 | V185: 0 | W185: 0 | X185: 0 | Y185: 0 | Z185: 4707938.6 | AA185: 1208.9516 | AB185: 36884419 | AC185: 7212.3793 | AD185: 41592358 | AE185: 8421.3308
B186: Brent | C186: UKI2302 | D186: 29432197 | E186: 7549.2299 | F186: 31299093 | G186: 6120.2246 | H186: 60731290 | I186: 13669.455 | J186: 17738174 | K186: 4554.9856 | L186: 722369.43 | M186: 141.25212 | N186: 18460543 | O186: 4696.2377 | P186: 79191833 | Q186: 18365.692 | R186: 79920342 | S186: 15627.624 | T186: 0 | U186: 0 | V186: 0 | W186: 0 | X186: 79920342 | Y186: 15627.624 | Z186: 47170371 | AA186: 12104.216 | AB186: 1.119418e+08 | AC186: 21889.1 | AD186: 1.5911218e+08 | AE186: 33993.316
B187: Bromley | C187: UKI2201 | D187: 1024823.4 | E187: 262.86272 | F187: 74209241 | G187: 14510.875 | H187: 75234064 | I187: 14773.738 | J187: 4736841.5 | K187: 1216.3735 | L187: 6664.2634 | M187: 1.3031301 | N187: 4743505.8 | O187: 1217.6767 | P187: 79977570 | Q187: 15991.414 | R187: 0 | S187: 0 | T187: 0 | U187: 0 | V187: 1410130.8 | W187: 275.73698 | X187: 1410130.8 | Y187: 275.73698 | Z187: 5761664.9 | AA187: 1479.2363 | AB187: 75626036 | AC187: 14787.915 | AD187: 81387701 | AE187: 16267.151
B188: Camden | C188: UKI1102 | D188: 35754931 | E188: 9170.9835 | F188: 50153409 | G188: 9806.9975 | H188: 85908340 | I188: 18977.981 | J188: 11261957 | K188: 2891.958 | L188: 436361.83 | M188: 85.326192 | N188: 11698319 | O188: 2977.2842 | P188: 97606659 | Q188: 21955.265 | R188: 71596773 | S188: 14000.033 | T188: 0 | U188: 0 | V188: 0 | W188: 0 | X188: 71596773 | Y188: 14000.033 | Z188: 47016888 | AA188: 12062.942 | AB188: 1.2218654e+08 | AC188: 23892.357 | AD188: 1.6920343e+08 | AE188: 35955.298
B189: City of London | C189: UKI1101 | D189: 0 | E189: 0 | F189: 11342489 | G189: 2217.9102 | H189: 11342489 | I189: 2217.9102 | J189: 32808.02 | K189: 8.4247714 | L189: 47.459067 | M189: 0.009280146 | N189: 32855.479 | O189: 8.4340515 | P189: 11375344 | Q189: 2226.3443 | R189: 27151933 | S189: 5309.289 | T189: 1500799.8 | U189: 293.46639 | V189: 0 | W189: 0 | X189: 28652733 | Y189: 5602.7554 | Z189: 32808.02 | AA189: 8.4247714 | AB189: 39995269 | AC189: 7820.675 | AD189: 40028077 | AE189: 7829.0997
B190: Croydon | C190: UKI2202 | D190: 9296856.2 | E190: 2384.603 | F190: 98057656 | G190: 19174.194 | H190: 1.0735451e+08 | I190: 21558.797 | J190: 5712556.1 | K190: 1466.9273 | L190: 2169.5204 | M190: 0.42422802 | N190: 5714725.6 | O190: 1467.3515 | P190: 1.1306924e+08 | Q190: 23026.149 | R190: 0 | S190: 0 | T190: 0 | U190: 0 | V190: 7444825 | W190: 1455.7611 | X190: 7444825 | Y190: 1455.7611 | Z190: 15009412 | AA190: 3851.5303 | AB190: 1.0550465e+08 | AC190: 20630.379 | AD190: 1.2051406e+08 | AE190: 24481.91
B191: Ealing | C191: UKI2303 | D191: 4239367.8 | E191: 1087.3793 | F191: 52003644 | G191: 10168.793 | H191: 56243012 | I191: 11256.172 | J191: 12927273 | K191: 3319.5943 | L191: 60611.722 | M191: 11.852016 | N191: 12987884 | O191: 3331.4464 | P191: 69230896 | Q191: 14587.618 | R191: 53313141 | S191: 10424.852 | T191: 0 | U191: 0 | V191: 0 | W191: 0 | X191: 53313141 | Y191: 10424.852 | Z191: 17166640 | AA191: 4406.9736 | AB191: 1.053774e+08 | AC191: 20605.496 | AD191: 1.2254404e+08 | AE191: 25012.47
B192: Enfield | C192: UKI2103 | D192: 589888.84 | E192: 151.30391 | F192: 19907224 | G192: 3892.6586 | H192: 20497113 | I192: 4043.9625 | J192: 4205976.7 | K192: 1080.0528 | L192: 45168.962 | M192: 8.8323388 | N192: 4251145.7 | O192: 1088.8851 | P192: 24748258 | Q192: 5132.8476 | R192: 10387441 | S192: 2031.1602 | T192: 0 | U192: 0 | V192: 0 | W192: 0 | X192: 10387441 | Y192: 2031.1602 | Z192: 4795865.6 | AA192: 1231.3567 | AB192: 30339834 | AC192: 5932.6511 | AD192: 35135699 | AE192: 7164.0077
B193: Greenwich | C193: UKI2104 | D193: 0 | E193: 0 | F193: 43675430 | G193: 8540.2936 | H193: 43675430 | I193: 8540.2936 | J193: 3043080.5 | K193: 781.43264 | L193: 834.31565 | M193: 0.16314208 | N193: 3043914.8 | O193: 781.59578 | P193: 46719345 | Q193: 9321.8893 | R193: 4022322.6 | S193: 786.52495 | T193: 3585825.7 | U193: 701.17235 | V193: 0 | W193: 0 | X193: 7608148.2 | Y193: 1487.6973 | Z193: 3043080.5 | AA193: 781.43264 | AB193: 51284412 | AC193: 10028.154 | AD193: 54327493 | AE193: 10809.587
B194: Hackney | C194: UKI1201 | D194: 0 | E194: 0 | F194: 25334227 | G194: 4953.8547 | H194: 25334227 | I194: 4953.8547 | J194: 6565691.6 | K194: 1686.004 | L194: 330086.67 | M194: 64.545147 | N194: 6895778.3 | O194: 1750.5491 | P194: 32230005 | Q194: 6704.4038 | R194: 7513319.9 | S194: 1469.1546 | T194: 0 | U194: 0 | V194: 0 | W194: 0 | X194: 7513319.9 | Y194: 1469.1546 | Z194: 6565691.6 | AA194: 1686.004 | AB194: 33177633 | AC194: 6487.5544 | AD194: 39743325 | AE194: 8173.5584
...

Sheet III. Waste
A1: Waste
A2: 2023
B5: Table 3.1 Landfill emissions, 2023 (tonnes, tCH4, and tCO2e)
B7: GHG Emissions Source | H7: Activity data (tonnes) | I7: GHGs (metric tonnes CO2e)
B8: Treatment activity | E8: Type of waste | H8: Amount | I8: CO2 | J8: CH4 | K8: N2O | L8: Total tCO2e
B9: Emissions from solid waste disposed in landfills in the city
B10: Landfill sites | E10: All waste | H10: =(2356705+432642) -> 2789347 | I10: - | J10: =(35243+6470) -> 41713 | K10: - | L10: =SUM(I10:K10) -> 41713
B11: Emissions from solid waste disposed in landfills outside the city
B12: Landfill sites | E12: All waste | H12: 4481833 | J12: 154656.45 | K12: - | L12: =SUM(I12:K12) -> 154656.45
B15: Table 3.2 Emissions from the biological treatement of waste, 2023 (tonnes, tCH4 and tCO2e)
B17: GHG Emissions Source | H17: Activity data (tonnes) | I17: GHGs (metric tonnes CO2e)
B18: Treatment activity | E18: Type of waste | H18: Amount | I18: CO2 | J18: CH4 | K18: N2O | L18: Total tCO2e
B19: Emissions from solid waste generated in the city that is treated biologically in the city
B20: Anaerobic digestion | E20: Food waste | H20: 101787.84 | I20: - | J20: 2035.7568 | L20: =SUM(I20:K20) -> 2035.7568
B21: Composting | E21: All organic waste | H21: 96419.415 | I21: - | J21: 9641.9415 | K21: 6895.9166 | L21: =SUM(I21:K21) -> 16537.858
B22: Emissions from waste generated outside the city boundary but treated in the city
B23: Anaerobic digestion | E23: Food waste | H23: 46322.45 | I23: - | J23: 926.44 | K23: 0 | L23: =J23 -> 926.44
B24: Composting | E24: All organic waste | H24: 80708.16 | I24: - | J24: 8070.816 | K24: 5772.2476 | L24: =SUM(I24:K24) -> 13843.064
B25: Emissions from waste generated inside the city boundary but treated outside the city
B26: Anaerobic digestion | E26: Food waste | H26: 133348.85 | I26: - | J26: 2666.98 | L26: =SUM(I26:K26) -> 2666.98
B27: Composting | E27: All organic waste | H27: 118996.96 | I27: - | J27: 11899.696 | K27: 8510.6626 | L27: =SUM(I27:K27) -> 20410.359
B30: Table 3.3 Emissions from wastewater treatment and discharge, 2023 (tonnes, tCH4, tN2O and tCO2e)
B32: GHG Emissions Source | H32: Activity data (tonnes) | I32: GHGs (metric tonnes CO2e)
B33: Treatment activity | E33: Type of waste | H33: Amount | I33: CO2 | J33: CH4 | K33: N2O | L33: Total tCO2e
B34: Emissions from wastewater
B35: All wastewater (4.D) | J35: 20202.424 | K35: 171550.52 | L35: =SUM(J35:K35) -> 191752.94
B38: NB: Emissions from incineration are provided in the "Energy - Stationary" worksheet

Sheet IV. IPPU
A1: Industrial Process and Product Use (IPPU)
A2: 2023
B4: Table 4.1 Emissions from industrial processes, 2023 (tCO2e)
B6: GHG Emissions Source | K6: GHGs (metric tonnes CO2e)
B7: Industry | E7: Industrial process | H7: Description | K7: CO2 | L7: CH4 | M7: N2O | N7: PFC | O7: HFC | P7: SF6 | Q7: NF3 | R7: Total tCO2e
B8: Emissions from industrial processes occurring in the city boundary
B11: Table 4.2 Emissions from industrial product use, 2023 (tCO2e)
B13: GHG Emissions Source | K13: GHGs (metric tonnes CO2e)
B14: Industry | E14: Product use | H14: Description | K14: CO2 | L14: CH4 | M14: N2O | N14: PFC | O14: HFC | P14: SF6 | Q14: NF3 | R14: Total tCO2e
B15: Emissions from product use occurring within the city boundary
B16: Electronics_industry | E16: Integrated circuit or semiconductor (2.E.1) | H16: Non-electricity - HFC23 | K16: - | L16: - | M16: - | N16: 0 | O16: 874.95827 | P16: - | Q16: - | R16: 870.27241
B17: Electronics_industry | E17: Integrated circuit or semiconductor (2.E.1) | H17: Non-electricity - NF3 | K17: - | L17: - | M17: - | N17: 0 | O17: 0 | P17: - | Q17: 8.8942413 | R17: 8.8466079
B18: Product_uses_as_substitutes_for_ozone_depleting_substances | E18: Refrigeration and stationary air conditioning (2.F.1.a) | H18: Commercial refrigeration - HFC125 | K18: - | L18: - | M18: - | N18: 0 | O18: 79652.571 | P18: - | Q18: - | R18: 79225.989
B19: Product_uses_as_substitutes_for_ozone_depleting_substances | E19: Refrigeration and stationary air conditioning (2.F.1.a) | H19: Commercial refrigeration - HFC134a | K19: - | L19: - | M19: - | N19: 0 | O19: 43244.638 | P19: - | Q19: - | R19: 43013.04
B20: Product_uses_as_substitutes_for_ozone_depleting_substances | E20: Refrigeration and stationary air conditioning (2.F.1.a) | H20: Commercial refrigeration - HFC143a | K20: - | L20: - | M20: - | N20: 0 | O20: 65342.709 | P20: - | Q20: - | R20: 64992.764
B21: Product_uses_as_substitutes_for_ozone_depleting_substances | E21: Refrigeration and stationary air conditioning (2.F.1.a) | H21: Commercial refrigeration - HFC32 | K21: - | L21: - | M21: - | N21: 0 | O21: 6653.2997 | P21: - | Q21: - | R21: 6617.6677
B22: Product_uses_as_substitutes_for_ozone_depleting_substances | E22: Refrigeration and stationary air conditioning (2.F.1.a) | H22: Domestic refrigeration - HFC134a | K22: - | L22: - | M22: - | N22: 0 | O22: 11534.71 | P22: - | Q22: - | R22: 11472.935
B23: Product_uses_as_substitutes_for_ozone_depleting_substances | E23: Refrigeration and stationary air conditioning (2.F.1.a) | H23: Industrial refrigeration - HFC125 | K23: - | L23: - | M23: - | N23: 0 | O23: 30359.107 | P23: - | Q23: - | R23: 30196.518
B24: Product_uses_as_substitutes_for_ozone_depleting_substances | E24: Refrigeration and stationary air conditioning (2.F.1.a) | H24: Industrial refrigeration - HFC134a | K24: - | L24: - | M24: - | N24: 0 | O24: 21241.506 | P24: - | Q24: - | R24: 21127.746
B25: Product_uses_as_substitutes_for_ozone_depleting_substances | E25: Refrigeration and stationary air conditioning (2.F.1.a) | H25: Industrial refrigeration - HFC143a | K25: - | L25: - | M25: - | N25: 0 | O25: 23125.525 | P25: - | Q25: - | R25: 23001.676
B26: Product_uses_as_substitutes_for_ozone_depleting_substances | E26: Refrigeration and stationary air conditioning (2.F.1.a) | H26: Industrial refrigeration - HFC32 | K26: - | L26: - | M26: - | N26: 0 | O26: 0 | P26: - | Q26: - | R26: 0
B27: Product_uses_as_substitutes_for_ozone_depleting_substances | E27: Refrigeration and stationary air conditioning (2.F.1.a) | H27: Transport refrigeration - HFC125 | K27: - | L27: - | M27: - | N27: 0 | O27: 23753.865 | P27: - | Q27: - | R27: 23626.651
B28: Product_uses_as_substitutes_for_ozone_depleting_substances | E28: Refrigeration and stationary air conditioning (2.F.1.a) | H28: Transport refrigeration - HFC134a | K28: - | L28: - | M28: - | N28: 0 | O28: 7682.4851 | P28: - | Q28: - | R28: 7641.3414
B29: Product_uses_as_substitutes_for_ozone_depleting_substances | E29: Refrigeration and stationary air conditioning (2.F.1.a) | H29: Transport refrigeration - HFC143a | K29: - | L29: - | M29: - | N29: 0 | O29: 22582.55 | P29: - | Q29: - | R29: 22461.609
... B39: Product_uses_as_substitutes_for_ozone_depleting_substances | E39: Foam blowing agents (2.F.2) | H39: Closed foam blowing agents - HFC227ea | K39: - | L39: - | M39: - | N39: 0 | O39: 5534.2387 | P39: - | Q39: - | R39: 5504.5999
B40: Product_uses_as_substitutes_for_ozone_depleting_substances | E40: Foam blowing agents (2.F.2) | H40: Closed foam blowing agents - HFC245fa | K40: - | L40: - | M40: - | N40: - | O40: 8251.6154 | P40: - | Q40: - | R40: 8207.4237
B41: Product_uses_as_substitutes_for_ozone_depleting_substances | E41: Foam blowing agents (2.F.2) | H41: Closed foam blowing agents - HFC365mfc | K41: - | L41: - | M41: - | N41: - | O41: 8991.9283 | P41: - | Q41: - | R41: 8943.7718
B42: Other_product_manufacture_and_use | E42: SF6 and PFCs from other product uses (2.G.2) | H42: Other - Tracer gas - SF6 | K42: - | L42: - | M42: - | N42: 0 | O42: 0 | P42: 0 | Q42: - | R42: 0
B43: Product_uses_as_substitutes_for_ozone_depleting_substances | E43: Fire protection (2.F.3) | H43: Non-electricity - HFC227ea | K43: - | L43: - | M43: - | N43: 0 | O43: 17528.003 | P43: - | Q43: - | R43: 17434.131
B44: Product_uses_as_substitutes_for_ozone_depleting_substances | E44: Aerosols (2.F.4) | H44: Metered dose inhalers - HFC134a | K44: - | L44: - | M44: - | N44: 0 | O44: 103548.73 | P44: - | Q44: - | R44: 102994.17
B45: Product_uses_as_substitutes_for_ozone_depleting_substances | E45: Aerosols (2.F.4) | H45: Metered dose inhalers - HFC227ea | K45: - | L45: - | M45: - | N45: 0 | O45: 20270.616 | P45: - | Q45: - | R45: 20162.056
B46: Product_uses_as_substitutes_for_ozone_depleting_substances | E46: Aerosols (2.F.4) | H46: Aerosols:Other - HFC134a | K46: - | L46: - | M46: - | N46: 0 | O46: 0 | P46: - | Q46: - | R46: 0
B47: Product_uses_as_substitutes_for_ozone_depleting_substances | E47: Aerosols (2.F.4) | H47: Aerosols:Other - HFC152a | K47: - | L47: - | M47: - | N47: 0 | O47: 1878.7245 | P47: - | Q47: - | R47: 1868.6629
B48: Product_uses_as_substitutes_for_ozone_depleting_substances | E48: Solvents (2.F.5) | H48: Non-electricity - HFC-43-10mee | K48: - | L48: - | M48: - | N48: - | O48: 1641.158 | P48: - | Q48: - | R48: 1632.3687
B49: Product_uses_as_substitutes_for_ozone_depleting_substances | E49: Other (2.F.6) (please specify) | H49: Other Applications: Contained - refrigerant containers - HFC125 | K49: - | L49: - | M49: - | N49: 0 | O49: 978.88043 | P49: - | Q49: - | R49: 973.63801
B50: Product_uses_as_substitutes_for_ozone_depleting_substances | E50: Other (2.F.6) (please specify) | H50: Other Applications: Contained - refrigerant containers - HFC134a | K50: - | L50: - | M50: - | N50: 0 | O50: 1842.7448 | P50: - | Q50: - | R50: 1832.8759
B51: Product_uses_as_substitutes_for_ozone_depleting_substances | E51: Other (2.F.6) (please specify) | H51: Other Applications: Contained - refrigerant containers - HFC143a | K51: - | L51: - | M51: - | N51: 0 | O51: 0 | P51: - | Q51: - | R51: 0
B52: Product_uses_as_substitutes_for_ozone_depleting_substances | E52: Other (2.F.6) (please specify) | H52: Other Applications: Contained - refrigerant containers - HFC32 | K52: - | L52: - | M52: - | N52: 0 | O52: 225.22939 | P52: - | Q52: - | R52: 224.02317
B53: Product_uses_as_substitutes_for_ozone_depleting_substances | E53: Other (2.F.6) (please specify) | H53: Other Applications:contained-Refrigerant containers - HFC23 | K53: - | L53: - | M53: - | N53: 0 | O53: 0 | P53: - | Q53: - | R53: 0
B54: Product_uses_as_substitutes_for_ozone_depleting_substances | E54: Other (2.F.6) (please specify) | H54: Other Applications:contained-Refrigerant containers - HFC227ea | K54: - | L54: - | M54: - | N54: 0 | O54: 0.25384141 | P54: - | Q54: - | R54: 0.25248195
B55: Other_product_manufacture_and_use | E55: N2O from product uses (2.G.3) | H55: Medical applications & other - N20 | K55: - | L55: - | M55: 103.06176 | N55: 0 | O55: 0 | P55: - | Q55: - | R55: 102.50981
B56: Other_product_manufacture_and_use | E56: Other (2.G.4) (please specify) | H56: Chemical industry other processes sources | K56: - | L56: - | M56: 17.417537 | N56: 0 | O56: 0 | P56: - | Q56: - | R56: 17.324257
B57: Other_product_manufacture_and_use | E57: Electrical equipment (2.G.1) | H57: Electrical equipment - SF6 | K57: - | L57: - | M57: - | N57: 0 | O57: 0 | P57: 33940.029 | Q57: - | R57: 33758.262
B58: Other_product_manufacture_and_use | E58: SF6 and PFCs from other product uses (2.G.2) | H58: Military applications - SF6 | K58: - | L58: - | M58: - | N58: 0 | O58: 0 | P58: 0 | Q58: - | R58: 0
B59: Other_product_manufacture_and_use | E59: SF6 and PFCs from other product uses (2.G.2) | H59: Particle accelerators - SF6 | K59: - | L59: - | M59: - | N59: 0 | O59: 0 | P59: 725.94128 | Q59: - | R59: 722.05348
B60: Other_product_manufacture_and_use | E60: SF6 and PFCs from other product uses (2.G.2) | H60: Electronics and shoes - C2F6 | K60: - | L60: - | M60: - | N60: 2288.9691 | O60: 0 | P60: - | Q60: - | R60: 2276.7105
B61: Other_product_manufacture_and_use | E61: SF6 and PFCs from other product uses (2.G.2) | H61: Electronics and shoes - C3F8 | K61: - | L61: - | M61: - | N61: 2570.7441 | O61: - | P61: - | Q61: - | R61: 2556.9764
B62: Other_product_manufacture_and_use | E62: SF6 and PFCs from other product uses (2.G.2) | H62: Electronics and shoes - C4F8 | K62: - | L62: - | M62: - | N62: 5.923448 | O62: - | P62: - | Q62: - | R62: 5.8917248
B63: Other_product_manufacture_and_use | E63: SF6 and PFCs from other product uses (2.G.2) | H63: Electronics and shoes - CF4 | K63: - | L63: - | M63: - | N63: 3258.3068 | O63: 0 | P63: - | Q63: - | R63: 3240.8568
B64: Other_product_manufacture_and_use | E64: SF6 and PFCs from other product uses (2.G.2) | H64: Electronics and shoes - SF6 | K64: - | L64: - | M64: - | N64: 0 | O64: 0 | P64: 3619.6692 | Q64: - | R64: 3600.284
Q65: TOTAL: | R65: =SUM(R16:R64) -> 1010103.6

Sheet V. AFOLU
A1: Agriculture, Forestry and Other Land Use Emissions
A2: 2022
A3: Note: Emissions from this source have not been updated for 2023
B5: Table 5.1 Emissions from livestock, 2022 (tCO2, tCH4, tN2O and tCO2e)
D7: CO2e Emissions (tonnes) | H7: Total CO2e emissions
B8: Sub-category | C8: Activity | D8: CO2 | E8: CH4 | F8: N2O | G8: CO2(b)
B9: Dairy Cows | C9: Enteric Fermentation | E9: 2592.7494 | H9: =SUM(D9:F9) -> 2592.7494
B10: Other Cattle | C10: Enteric Fermentation | E10: 2418.1832 | H10: =SUM(D10:F10) -> 2418.1832
B11: Sheep | C11: Enteric Fermentation | E11: 545.47204 | H11: =SUM(D11:F11) -> 545.47204
B12: Swine | C12: Enteric Fermentation | E12: 46.599355 | H12: =SUM(D12:F12) -> 46.599355
B13: Other: Minor livestock (Horses, goats & deer) | C13: Enteric Fermentation | E13: 3155.0885 | H13: =SUM(D13:F13) -> 3155.0885
B14: Cattle | C14: Manure Management | E14: 984.01043 | F14: 495.87611 | H14: =SUM(D14:F14) -> 1479.8865
B15: Sheep | C15: Manure Management | E15: 14.631965 | F15: 4.6074277 | H15: =SUM(D15:F15) -> 19.239393
B16: Swine | C16: Manure Management | E16: 119.98963 | F16: 68.895948 | H16: =SUM(D16:F16) -> 188.88558
B17: Poultry | C17: Manure Management | E17: 11.159181 | F17: 44.224136 | H17: =SUM(D17:F17) -> 55.383317
B18: Other: Minor livestock (Horses, goats & deer) | C18: Manure Management | E18: 73.201756 | F18: 1340.055 | H18: =SUM(D18:F18) -> 1413.2567
G19: Total (tonnes) | H19: =SUM(H9:H18) -> 11914.744
G20: Total (Mt) | H20: =SUM(H19/1000000) -> 0.011914744
B21: Table 5.2 Emissions from land, 2022 (tCO2, tCH4, tN2O and tCO2e)
D23: CO2e Emissions & Removals (tonnes) | H23: Total CO2e emissions
B24: Sub-category | C24: Activity | D24: CO2 | E24: CH4 | F24: N2O | G24: CO2(b)
B25: Bioenergy crops | C25: Miscanthus | G25: -11.297911 | H25: =SUM(D25:F25) -> 0
B26: Bioenergy crops | C26: Short rotation coppice | G26: -2.7707554 | H26: =SUM(D26:F26) -> 0
B27: Cropland mineral soils under LUC | C27: Cropland remaining cropland | D27: 2285.0329 | H27: =SUM(D27:F27) -> 2285.0329
B28: Cropland mineral soils under LUC | C28: Grassland converted to cropland | D28: 2310.776 | H28: =SUM(D28:F28) -> 2310.776
B29: Cropland mineral soils under LUC | C29: Settlement converted to cropland | G29: -70.379999 | H29: =SUM(D29:F29) -> 0
B30: Forestry | C30: Forest land remaining forest land | G30: -66824.952 | H30: =SUM(D30:F30) -> 0
B31: Forestry | C31: Land converted from forest land | D31: 8125.8843 | H31: =SUM(D31:F31) -> 8125.8843
B32: Forestry | C32: Land converted to forest land | G32: -30.025572 | H32: =SUM(D32:F32) -> 0
B33: Grassland mineral soils under LUC | C33: Cropland converted to grassland | G33: -3854.0546 | H33: =SUM(D33:F33) -> 0
B34: Grassland mineral soils under LUC | C34: Grassland remaining grassland | G34: -9700.1266 | H34: =SUM(D34:F34) -> 0
B35: Grassland mineral soils under LUC | C35: Settlement converted to grassland | G35: -2263.5916 | H35: =SUM(D35:F35) -> 0
B36: Other LULUCF | C36: Cropland miscellaneous | G36: -35.242833 | H36: =SUM(D36:F36) -> 0
B37: Other LULUCF | C37: Forest miscellaneous | D37: 6187.2517 | H37: =SUM(D37:F37) -> 6187.2517
B38: Other LULUCF | C38: Grassland miscellaneous | D38: 60.684438 | H38: =SUM(D38:F38) -> 60.684438
B39: Peatland | C39: Forest drained | D39: 0.29437472 | H39: =SUM(D39:F39) -> 0.29437472
B40: Peatland | C40: Settlement drained | D40: 298.43408 | H40: =SUM(D40:F40) -> 298.43408
B41: Settlement | C41: Land converted to settlement | D41: 24694.182 | H41: =SUM(D41:F41) -> 24694.182
B42: Settlement | C42: Settlement remaining settlement | D42: 65057.356 | H42: =SUM(D42:F42) -> 65057.356
G43: Total (tonnes) | H43: =SUM(H25:H42) -> 109019.9
G44: Total (Mt) | H44: =SUM(H43/1000000) -> 0.1090199
B45: Table 5.3 Emissions from aggregate sources, 2022 (tCH4 and tCO2e)
D47: CO2e Emissions (tonnes) | H47: Total CO2e emissions
B48: Sub-category | C48: Activity | D48: CO2 | E48: CH4 | F48: N2O | G48: CO2(b)
B49: Burning | C49: Field Burning | E49: 0 | H49: =SUM(D49:F49) -> 0
B52: Table 5.4 Emissions from other sources, 2022 (tN2O and tCO2e)
D54: CO2e Emissions (tonnes) | H54: Total CO2e emissions
B55: Sub-category | C55: Activity | D55: CO2 | E55: CH4 | F55: N2O | G55: CO2(b)
B56: Cattle | C56: Soil (all other non manure management sources) | F56: 665.14521 | H56: =SUM(D56:F56) -> 665.14521
B57: Sheep | C57: Soil (all other non manure management sources) | F57: 43.22126 | H57: =SUM(D57:F57) -> 43.22126
B58: Pigs | C58: Soil (all other non manure management sources) | F58: 49.82381 | H58: =SUM(D58:F58) -> 49.82381
B59: Poultry | C59: Soil (all other non manure management sources) | F59: 101.51437 | H59: =SUM(D59:F59) -> 101.51437
B60: Minor Livestock | C60: Soil (all other non manure management sources) | F60: 948.50277 | H60: =SUM(D60:F60) -> 948.50277
B61: Non-livestock sources (inc. fertiliser) | C61: Soil (all other non manure management sources) | F61: 5087.7768 | H61: =SUM(D61:F61) -> 5087.7768
G62: Total (tonnes) | H62: =SUM(H56:H61) -> 6895.9842
G63: Total (Mt) | H63: =SUM(H62/1000000) -> 0.0068959842
G65: Total AFOLU | H65: =SUM(H25:H42,H9:H18,H56:H61) -> 127830.62

Sheet Emission & Conversion Factors
A1: Emission Factors and conversion factors
A2: Emission factors are derived from emissions modelling or emissions measurements and are usually reported in terms of the amount of pollutant emitted per quantity of fuel consumed or per distance travelled.
A3: NB: DESNZ Emission Factors (EFs) are produced annually based on the national greenhouse gas inventory two years prior. E.g. 2025 EFs are calculated using national GHG emissions and energy use inventory data from 2023. So, for this 2023 version of LEGGI we have applied DESNZ 2025 EFs to 2023 energy use to provide a more accurate estimate of GHG emissions in 2023 that is consistent with UK inventory data for 2023.
B6: Table E1 Fuels emission factors
B7: Source: GHG conversion factors 2025. Available at: https://www.gov.uk/government/publications/greenhouse-gas-reporting-conversion-factors-2025
B8: Activity | C8: Fuel | D8: Unit | E8: kg CO2e | F8: kg CO2 | G8: kg CH4 | H8: kg N2O
B9: Gaseous fuels | C9: CNG | D9: tonnes | E9: 2575.4644 | F9: 2570.42 | G9: 3.8528 | H9: 1.19161
D10: litres | E10: 0.4507 | F10: 0.44982 | G10: 0.00067 | H10: 0.0002
D11: kWh (Net CV) | E11: 0.2027 | F11: 0.20229 | G11: 0.00031 | H11: 0.0001
D12: kWh (Gross CV) | E12: 0.18296 | F12: 0.18259 | G12: 0.00028 | H12: 9e-05
C13: LNG | D13: tonnes | E13: 2603.3044 | F13: 2598.26 | G13: 3.8528 | H13: 1.19161
D14: litres | E14: 1.17797 | F14: 1.17568 | G14: 0.00175 | H14: 0.00054
D15: kWh (Net CV) | E15: 0.20489 | F15: 0.20448 | G15: 0.00031 | H15: 0.0001
D16: kWh (Gross CV) | E16: 0.18494 | F16: 0.18457 | G16: 0.00028 | H16: 9e-05
C17: LPG | D17: tonnes | E17: 2939.3609 | F17: 2935.18 | G17: 2.5536 | H17: 1.62735
D18: litres | E18: 1.55713 | F18: 1.55491 | G18: 0.00136 | H18: 0.00086
D19: kWh (Net CV) | E19: 0.23032 | F19: 0.22999 | G19: 0.0002 | H19: 0.00012
D20: kWh (Gross CV) | E20: 0.2145 | F20: 0.21419 | G20: 0.00019 | H20: 0.00012
C21: Natural gas | D21: tonnes | E21: 2575.4644 | F21: 2570.42 | G21: 3.8528 | H21: 1.19161
D22: cubic metres | E22: 2.06672 | F22: 2.0627 | G22: 0.00307 | H22: 0.00095
D23: kWh (Net CV) | E23: 0.2027 | F23: 0.20229 | G23: 0.00031 | H23: 0.0001
D24: kWh (Gross CV) | E24: 0.18296 | F24: 0.18259 | G24: 0.00028 | H24: 9e-05
C25: Natural gas (100% mineral blend) | D25: tonnes | E25: 2603.3044 | F25: 2598.26 | G25: 3.8528 | H25: 1.19161
D26: cubic metres | E26: 2.08906 | F26: 2.08504 | G26: 0.00307 | H26: 0.00095
D27: kWh (Net CV) | E27: 0.20489 | F27: 0.20448 | G27: 0.00031 | H27: 0.0001
D28: kWh (Gross CV) | E28: 0.18494 | F28: 0.18457 | G28: 0.00028 | H28: 9e-05
C29: Other petroleum gas | D29: tonnes | E29: 2578.2465 | F29: 2575.7 | G29: 1.3104 | H29: 1.23607
D30: litres | E30: 0.94442 | F30: 0.94348 | G30: 0.00048 | H30: 0.00045
D31: kWh (Net CV) | E31: 0.19917 | F31: 0.19897 | G31: 0.0001 | H31: 0.0001
D32: kWh (Gross CV) | E32: 0.18323 | F32: 0.18305 | G32: 9e-05 | H32: 9e-05
B33: Liquid fuels | C33: Aviation spirit | D33: tonnes | E33: 3193.6948 | F33: 3127.67 | G33: 39.5248 | H33: 26.5
D34: litres | E34: 2.33116 | F34: 2.28297 | G34: 0.02885 | H34: 0.01934
D35: kWh (Net CV) | E35: 0.25666 | F35: 0.25135 | G35: 0.00318 | H35: 0.00213
D36: kWh (Gross CV) | E36: 0.24382 | F36: 0.23878 | G36: 0.00301 | H36: 0.00203
C37: Aviation turbine fuel | D37: tonnes | E37: 3178.3652 | F37: 3149.67 | G37: 2.1952 | H37: 26.5
D38: litres | E38: 2.54269 | F38: 2.51973 | G38: 0.00176 | H38: 0.0212
D39: kWh (Net CV) | E39: 0.26061 | F39: 0.25826 | G39: 0.00018 | H39: 0.00217
D40: kWh (Gross CV) | E40: 0.24758 | F40: 0.24535 | G40: 0.00017 | H40: 0.00206
C41: Burning oil | D41: tonnes | E41: 3165.0418 | F41: 3149.67 | G41: 8.4 | H41: 6.97181
D42: litres | E42: 2.54016 | F42: 2.52782 | G42: 0.00674 | H42: 0.00559
D43: kWh (Net CV) | E43: 0.25975 | F43: 0.25849 | G43: 0.00069 | H43: 0.00057
D44: kWh (Gross CV) | E44: 0.24677 | F44: 0.24557 | G44: 0.00066 | H44: 0.00054
C45: Diesel (average biofuel blend) | D45: tonnes | E45: 3087.9446 | F45: 3048.71 | G45: 0.3472 | H45: 38.88742
D46: litres | E46: 2.57082 | F46: 2.53763 | G46: 0.00029 | H46: 0.0329
D47: kWh (Net CV) | E47: 0.25953 | F47: 0.2562 | G47: 3e-05 | H47: 0.0033
D48: kWh (Gross CV) | E48: 0.24411 | F48: 0.24098 | G48: 2e-05 | H48: 0.0031
C49: Diesel (100% mineral diesel) | D49: tonnes | E49: 3203.9114 | F49: 3164.33 | G49: 0.3472 | H49: 39.23423
D50: litres | E50: 2.66155 | F50: 2.62818 | G50: 0.00029 | H50: 0.03308
D51: kWh (Net CV) | E51: 0.26808 | F51: 0.26475 | G51: 3e-05 | H51: 0.0033
D52: kWh (Gross CV) | E52: 0.25199 | F52: 0.24887 | G52: 2e-05 | H52: 0.00309
C53: Fuel oil | D53: tonnes | E53: 3228.8902 | F53: 3216.38 | G53: 5.3872 | H53: 7.12299
D54: litres | E54: 3.17492 | F54: 3.16262 | G54: 0.0053 | H54: 0.00701
D55: kWh (Net CV) | E55: 0.28523 | F55: 0.28413 | G55: 0.00047 | H55: 0.00063
D56: kWh (Gross CV) | E56: 0.26813 | F56: 0.26709 | G56: 0.00045 | H56: 0.0006
C57: Gas oil | D57: tonnes | E57: 3226.5786 | F57: 3190 | G57: 3.6848 | H57: 32.89379
D58: litres | E58: 2.75541 | F58: 2.72417 | G58: 0.00315 | H58: 0.02809
D59: kWh (Net CV) | E59: 0.27288 | F59: 0.26978 | G59: 0.00031 | H59: 0.00278
D60: kWh (Gross CV) | E60: 0.2565 | F60: 0.25359 | G60: 0.00029 | H60: 0.00261
C61: Lubricants | D61: tonnes | E61: 3180.9999 | F61: 3171.09 | G61: 3.4272 | H61: 6.48272
D62: litres | E62: 2.74934 | F62: 2.74078 | G62: 0.00296 | H62: 0.0056
D63: kWh (Net CV) | E63: 0.281 | F63: 0.28013 | G63: 0.0003 | H63: 0.00057
D64: kWh (Gross CV) | E64: 0.26414 | F64: 0.26332 | G64: 0.00028 | H64: 0.00054
C65: Naphtha | D65: tonnes | E65: 3142.3789 | F65: 3131.33 | G65: 3.8192 | H65: 7.2297
D66: litres | E66: 2.11894 | F66: 2.11149 | G66: 0.00258 | H66: 0.00487
D67: kWh (Net CV) | E67: 0.24891 | F67: 0.24804 | G67: 0.0003 | H67: 0.00057
D68: kWh (Gross CV) | E68: 0.23647 | F68: 0.23564 | G68: 0.00029 | H68: 0.00054
C69: Petrol (average biofuel blend) | D69: tonnes | E69: 2772.9794 | F69: 2754.25 | G69: 10.8416 | H69: 7.88775
D70: litres | E70: 2.06916 | F70: 2.05523 | G70: 0.00806 | H70: 0.00587
D71: kWh (Net CV) | E71: 0.23181 | F71: 0.23026 | G71: 0.0009 | H71: 0.00065
D72: kWh (Gross CV) | E72: 0.21956 | F72: 0.21811 | G72: 0.00084 | H72: 0.00061
C73: Petrol (100% mineral petrol) | D73: tonnes | E73: 3154.0821 | F73: 3135 | G73: 11.0432 | H73: 8.03893
D74: litres | E74: 2.33984 | F74: 2.32567 | G74: 0.0082 | H74: 0.00597
D75: kWh (Net CV) | E75: 0.25431 | F75: 0.25276 | G75: 0.0009 | H75: 0.00065
D76: kWh (Gross CV) | E76: 0.24159 | F76: 0.24013 | G76: 0.00085 | H76: 0.00061
C77: Processed fuel oils - residual oil | D77: tonnes | E77: 3228.8902 | F77: 3216.38 | G77: 5.3872 | H77: 7.12299
D78: litres | E78: 3.17492 | F78: 3.16262 | G78: 0.0053 | H78: 0.00701
D79: kWh (Net CV) | E79: 0.28523 | F79: 0.28413 | G79: 0.00047 | H79: 0.00063
D80: kWh (Gross CV) | E80: 0.26813 | F80: 0.26709 | G80: 0.00045 | H80: 0.0006
C81: Processed fuel oils - distillate oil | D81: tonnes | E81: 3226.5786 | F81: 3190 | G81: 3.6848 | H81: 32.89379
D82: litres | E82: 2.75541 | F82: 2.72417 | G82: 0.00315 | H82: 0.02809
D83: kWh (Net CV) | E83: 0.27288 | F83: 0.26978 | G83: 0.00031 | H83: 0.00278
D84: kWh (Gross CV) | E84: 0.2565 | F84: 0.25359 | G84: 0.00029 | H84: 0.00261
C85: Refinery miscellaneous | D85: tonnes | E85: 2944.3209 | F85: 2933.33 | G85: 3.7968 | H85: 7.19413
D86: litres
D87: kWh (Net CV) | E87: 0.25961 | F87: 0.25864 | G87: 0.00034 | H87: 0.00063
D88: kWh (Gross CV) | E88: 0.24663 | F88: 0.24571 | G88: 0.00031 | H88: 0.0006
C89: Waste oils | D89: tonnes | E89: 3219.3792 | F89: 3171.09 | G89: 3.5504 | H89: 44.73876
D90: litres | E90: 2.74924 | F90: 2.70801 | G90: 0.00302 | H90: 0.0382
D91: kWh (Net CV) | E91: 0.27459 | F91: 0.27047 | G91: 0.0003 | H91: 0.00381
D92: kWh (Gross CV) | E92: 0.25641 | F92: 0.25256 | G92: 0.00028 | H92: 0.00357
C93: Marine gas oil | D93: tonnes | E93: 3245.3044 | F93: 3205.99 | G93: 0.9072 | H93: 38.40721
D94: litres | E94: 2.77139 | F94: 2.73782 | G94: 0.00077 | H94: 0.0328
D95: kWh (Net CV) | E95: 0.27445 | F95: 0.27113 | G95: 8e-05 | H95: 0.00325
D96: kWh (Gross CV) | E96: 0.25798 | F96: 0.25486 | G96: 7e-05 | H96: 0.00305
C97: Marine fuel oil | D97: tonnes | E97: 3154.7533 | F97: 3113.99 | G97: 1.4224 | H97: 39.34094
D98: litres | E98: 3.10202 | F98: 3.06194 | G98: 0.0014 | H98: 0.03868
D99: kWh (Net CV) | E99: 0.27869 | F99: 0.27509 | G99: 0.00012 | H99: 0.00348
D100: kWh (Gross CV) | E100: 0.26197 | F100: 0.25858 | G100: 0.00012 | H100: 0.00326
B101: Solid fuels | C101: Coal (industrial) | D101: tonnes | E101: 2395.2899 | F101: 2370.72 | G101: 7.6384 | H101: 16.93154
D102: kWh (Net CV) | E102: 0.33944 | F102: 0.33595 | G102: 0.00109 | H102: 0.0024
...

Sheet Data sources and methods
A1: Data sources and methods
B4: Sector | C4: Source | D4: Description | E4: Dataset | F4: Link | G4: Methodology | H4: Year | I4: Table Number
B5: Domestic | C5: Electricity | D5: Electricity use and greenhouse gas (GHG) emissions calculated from actual or estimated meter reading at domestic premises. | E5: Sub-national electricity sales and numbers of customers | F5: https://www.gov.uk/government/collections/sub-national-electricity-consumption-data | H5: 2023 | I5: 1.1
C6: Gas | D6: Energy use and GHG emissions from natural gas supplied to homes, where it is used for cooking in natural gas-powered ranges and ovens, natural gas-heated clothes dryers, water and central heating, and domestic boilers, etc. Data is not weather corrected. | E6: Sub-national gas consumption statistics (not weather corrected) | F6: Regional and local authority gas consumption statistics - GOV.UK (www.gov.uk) | H6: 2023 | I6: 1.1
C7: Coal | D7: Energy use and GHG emissions from smokeless solid fuels (SSF) - coke and anthracite - burnt exclusively within Smoke Control Areas and used for room heaters, cookers, boilers, open fires and stoves. | E7: Sub-national residual fuel consumption in the United Kingdom | F7: https://www.gov.uk/government/collections/total-final-energy-consumption-at-sub-national-level | H7: 2023 | I7: 1.3
C8: Oil [Petroleum] | D8: Energy use and GHG emissions from domestic oil (e.g., heating oil, gas oils, kerosene, etc) used for oil- fired central heating in residential homes. | I8: 1.3
B9: Commercial and industrial | C9: Electricity | D9: Energy use and GHG emissions associated with industrial and commercial electricity consumption, including electricity consumption by overground electric trains and the London Underground trains. | E9: Sub-national electricity sales and numbers of customers | F9: https://www.gov.uk/government/collections/total-final-energy-consumption-at-sub-national-level | H9: 2023 | I9: 1.1
C10: Gas | D10: Energy use and GHG emissions from industrial (excluding gas-fired electricity generation and power stations), commercial (e.g., hotel and catering, warehouses, retail, sport and leisure, etc) and public services (e.g., education, Government, health, etc) gas use. Data is not weather corrected after 2015. Weather corrected data for prior years will be updated once available, and is expected to have a minor impact on trends. | E10: Sub-national gas consumption statistics (2015+ not weather corrected, 2005-2014 weather corrected) | F10: Regional and local authority gas consumption statistics - GOV.UK (www.gov.uk) | H10: 2023 | I10: 1.1
C11: Coal | D11: Energy use and GHG emissions from industrial (e.g., iron and steel production, excluding coal-fired electricity generation at power stations) and commercial/ public (e.g., as feedstock for boilers providing heating and hot water in public buildings such as hospitals and schools) coal consumption. | E11: Sub-national residual fuel consumption in the United Kingdom | F11: https://www.gov.uk/government/collections/total-final-energy-consumption-at-sub-national-level | H11: 2023 | I11: 1.3
C12: Oil [Petroleum] | D12: Energy use and GHG emissions from oil (e.g., heavy, medium and light fuel oil) used in general industrial and commercial applications, including boiler firing for hot water and steam raising, furnaces and large air heater and dryers but excluding petrol and gas oil/diesel (DERV) used by road and rail transport as well as oil used for electricity generation at power stations. | I12: 1.3
C13: Waste and bioenergy (not grid connected) | D13: Energy use and GHG emissions from wastes (excluding greenhouse gases from waste incinerated and/or used to generate energy) and renewables (including, landfill gas, sewage gas, wood, municipal solid waste, scrap tyres, waste oils, clinical waste, waste solvents, etc,). CO2 emissions from biomass are excluded but non-carbon dioxide greenhouse gases (methane and nitrous oxide) are included. | I13: 1.3
C14: Large industrial gas consumption | D14: Total gas use by large industrial consumers in London. Data is not weather corrected. | E14: Provided by Ricardo based on DESNZ data | H14: 2023 | I14: 1.1
B15: Incineration | C15: Grid connected incineration of London's waste | D15: Emissions from waste incinerators in London. Emissions are provided for information only and not included in the estimate of London's overall emissions as the emissions associated with grid connected incinerators are included in the grid emissions factors. | E15: Environment Agency Waste Data Interrogator | F15: 2023 Waste Data Interrogator - data.gov.uk | G15: Tonnes waste from Environment Agency Waste Data Interrogator. Emissions estimaed using calculator in GPC CIRIS file (IPCC methodology). | H15: 2023 | I15: 1.4
B16: Transport | C16: Domestic aviation - Heathrow | D16: Energy use and GHG emissions from fuel use in civil aviation (i.e. domestic and international flights and aircrafts in the landing and take-off flight phases up to 1,000m) and management of airports (including airside support vehicles, stationary heating and auxiliary power units, etc) at London Heathrow, London City, Battersea, Biggin Hill, Denham, Elstree, Lippits Hill, Northolt and Stapleford airports. | E16: London Atmospheric Emissions Inventory - data has been extrapolated from the 2022 LAEI by Transport for London (for all transport modes excluding shipping, which has been extrapolated from 2021 data by the Port of London Authority). In the Non-Road and Mobile Machinery (NRMM) emissions category, it is not possible to extrapolate construction and manufacturing related NRMM emissions and so the data provided is from the LAEI for 2022. For aviation related NRMM emissions, 2022 LAEI data has been extrapolated by TfL to provide an update for 2023. | F16: https://data.london.gov.uk/dataset/london-atmospheric-emissions-inventory-laei-2022-2lg5g/ | H16: 2023 | I16: 2.3
C17: Domestic aviation - London City
C18: Domestic aviation - other | H18: 2023 | I18: 2.2
C19: Domestic shipping | D19: Energy use and GHG emissions from domestic and international shipping/marine vessels operating on the River Thames (i.e. including the 33 ports and terminals on the River Thames, starting from the breakwater at the M25 Motorway eastern boundary and then about 43 km westward towards Teddington) in Greater London. | H19: 2023 | I19: 2.4
C20: Railways | D20: Fossil fuel and electric rail energy consumption and emissions. | I20: 2.5
C21: Road Transport | D21: Energy consumption and emissions from electric and non-electric road transport. | I21: 2.6, 2.7
C22: NRMM | D22: Off-road vehicles are those designed or adapted for travel on unpaved terrain. This category typically includes airport ground support equipment, all-terrain vehicles, landscaping and construction equipment, bulldozers, forklifts, snowmobiles etc. | H22: 2022 / 2023 | I22: 2.1
B23: Waste | C23: Landfilled waste | D23: GHG emissions from landfill sites in London and from London's waste landfilled outside London. | E23: Environment Agency Waste Data Interrogator | F23: 2023 Waste Data Interrogator - data.gov.uk | G23: Tonnes of waste landfilled inside/outside London extracted from Environment Agency Waste Data Interrogator. London landfill sites: Methane emissions estimated using methane First Order Decay method and IPCC Waste tool, using England average waste composition data. Waste landfilled outside London: Methane emissions estimated using methane commitment method and EA data on types of waste exported outside London used. | H23: 2023 | I23: 3.1
C24: Biologically treated waste | D24: GHG emissions from the biological treatment of waste. This refers to composting and anaerobic digestion of organic waste, such as food waste, garden and park waste, sludge, and other organic waste sources. Includes emissions from the biological treatment of waste in London, and the emissions from London's waste biologically treated outside London. | E24: Environment Agency Waste Data Interrogator | F24: 2023 Waste Data Interrogator - data.gov.uk | G24: Tonnages from Environment Agency Waste Data Interrogator. Emissions estimated using GPC CIRIS file calculator (based on emission factors from the 2006 IPCC Methodology, Ch 5 on Waste, Table 4.1) | H24: 2023 | I24: 3.2
C25: Wastewater | D25: GHG emissions from wastewater treatment. | E25: London Population data | F25: https://data.london.gov.uk/dataset/londons-population | G25: Estimated using the GPC CIRIS file calculator (contains UK default factors in the 2006 IPCC methodology) and based on London population. | H25: 2023 | I25: 3.3
E26: GPC CIRIS file | F26: https://resourcecentre.c40.org/resources/reporting-ghg-emissions-inventories | G26: CIRIS (City Inventory Reporting and Information System) is an excel tool for managing and reporting city GHG inventory data. It is based on the Global Protocol for Community Scale Greenhouse Gas Emissions Invntories (GPC) standard. Within the tool are calculators for estimating emissions from waste, based on the 2006 IPCC Methodology. | I26: 3.1, 3.2, 3.3
B27: IPPU | C27: Industrial Processes | D27: GHG emissions from industrial processes, e.g. mineral, chemical, metal industry. | G27: Not estimated | I27: 4.1
C28: Product Use | D28: Products such as refrigerants, foams or aerosol cans can release potent GHG emissions. | E28: UK Greenhouse Gas Inventory, 1990 to 2023: Annual Report for Submission under the Framework Convention on Climate Change | F28: United Kingdom. 2025 Common Reporting Table (CRT). Convention | UNFCCC | G28: Product Use GHG emissions were extracted from the UK GHG emission inventory for England and scaled to the LEGGI area using population data for London. | H28: 2023 | I28: 4.2
B29: AFOLU | C29: Livestock | D29: Livestock production emits CH4 through enteric fermentation, and both CH4 and N2O through management of their manure. | E29: Provided by the UK Centre for Ecology & Hydrology. Methodology can be found at: Carnell E.J., Tomlinson S.J., Leaver D. and Dragosits U. (2018) The spatial distribution of ammonia, methane and nitrous oxide emissions from agriculture in the UK 2016. (Contribution to the UK National Atmospheric Emission Inventory and Greenhouse Gas Inventory). Annual Report on Defra Project SCF0107. CEH Report. 14pp. (June 2018) | F29: http://nora.nerc.ac.uk/id/eprint/529857/ | G29: Agriculture emissions were extracted from the UK GHG emission inventory for the LEGGI area for the IPCC sub-categories. The agricultural emission estimates of CH4 and N2O are derived using a statistical approach to estimate local emissions by combining high-resolution agricultural statistics (at a parish level) with land cover data, agricultural practice information and emission factors. | H29: 2022 | I29: 5.1
C30: Land | D30: Emissions and removals of CO2 are based on changes in ecosystem C stocks and are estimated for each land-use category. C stocks consist of above-ground and below-ground biomass, dead organic matter, and soil organic matter. | E30: Mapping Carbon Emissions & Removals for the Land Use, Land-Use Change & Forestry Sector, Hannah Clilverd, Gwen Buys, Amanda Thomson, Heath Malcolm, Paul Henshall & Robert Matthews (2020), | F30: https://assets.publishing.service.gov.uk/government/uploads/system/uploads/attachment_data/file/812153/LULUCF_Local_Authority_mapping_report_2017.pdf | G30: The LULUCF sector differs from other sectors in the London Greenhouse Gas Inventory in that it contains both sources and sinks of greenhouse gases. The sources, or emissions to the atmosphere, are given as positive values; the sinks, or removals from the atmosphere, are given as negative values. The UK Centre for Ecology and Hydrology (CEH) prepared LULUCF estimates, which are made using dynamic models of changes in stored carbon, driven by land use change data. For forestry, the model deals with plant carbon, dead organic matter, soil and harvested wood products and is driven by the area of land newly afforested each year, management practices and harvesting. Changes in soil carbon are driven by estimated time series of land use transitions between semi-natural grassland, improved pasture, cropland, forest land and settlement land uses. | H30: 2022 | I30: 5.2
C31: Aggregates | D31: Emissions from field burning sub-category. | G31: Not estimated | I31: 5.3
C32: Other agriculture | D32: Other sources of GHG emissions from land include rice cultivation, fertilizer use, liming, and urea application. | E32: Provided by the UK Centre for Ecology & Hydrology. Methodology can be found at: Carnell E.J., Tomlinson S.J., Leaver D. and Dragosits U. (2018) The spatial distribution of ammonia, methane and nitrous oxide emissions from agriculture in the UK 2016. (Contribution to the UK National Atmospheric Emission Inventory and Greenhouse Gas Inventory). Annual Report on Defra Project SCF0107. CEH Report. 14pp. (June 2018) | F32: http://nora.nerc.ac.uk/id/eprint/529857/ | G32: Agriculture emissions were extracted from the UK GHG emission inventory for the LEGGI area for the IPCC sub-categories. The agricultural emission estimates of CH4 and N2O are derived using a statistical approach to estimate local emissions by combining high-resolution agricultural statistics (at a parish level) with land cover data, agricultural practice information and emission factors. | H32: 2022 | I32: 5.4
B33: Other | C33: London population | E33: Population estimates for London | F33: https://www.ons.gov.uk/peoplepopulationandcommunity/populationandmigration/populationestimates/datasets/estimatesofthepopulationforenglandandwales | G33: Office for National Statistics, MYE2: Population Estimates by single year of age and sex for local authorities in the UK | H33: 2023 | I33: 0.1
